Name,Hash,Id,Tag,Tier,Type,Source,Power,Dmg,Masterwork Type,Masterwork Tier,Owner,Locked,Equipped,Year,Season,Event,DTR Rating,# of Reviews,Recoil,AA,Impact,Range,Stability,ROF,Reload,Mag,Equip,Charge Time,Draw Time,Accuracy,Notes,Perks 0,Perks 1,Perks 2,Perks 3,Perks 4,Perks 5,Perks 6,Perks 7,Perks 8,Perks 9,Perks 10,Perks 11,Perks 12,Perks 13
Nameless Midnight,3040742682,"""6917529086495501666""",,Legendary,Scout Rifle,strikes,650,Kinetic,Reload Speed,2,Warlock(659),false,false,2,4,,4.4,11,79,62,62,48,44,180,78,16,60,0,0,0,,Precision Frame*,Hitmark IS*,Red Dot 2 MOA,Red Dot Micro,Drop Mag*,Steady Rounds,Triple Tap*,Rampage*,Vanguard Veteran*,Tier 2 Weapon*,,,,
The Last Word,1364093401,"""6917529088637588054""",,Exotic,Hand Cannon,,650,Kinetic,,,Warlock(659),false,false,2,5,,4.8,174,100,40,78,42,46,225,82,8,46,0,0,0,,Fan Fire*,Corkscrew Rifling*,Accurized Rounds*,Hip-Fire Grip*,Textured Grip*,,,,,,,,,
Smuggler's Word,1843044399,"""6917529086266259590""",,Legendary,Sidearm,,619,Kinetic,Stability,4,Warlock(659),false,false,2,4,,3.7,25,96,82,56,55,50,325,30,25,56,0,0,0,,Aggressive Burst*,QuickDot SAS*,Tactic SAS,Alloy Magazine*,Appended Mag,Full Auto Trigger System*,Tap the Trigger*,Distant Earth*,Tier 4 Weapon*,,,,,
Does Not Compute,2278995296,"""6917529088666844636""",,Legendary,Scout Rifle,crucible,592,Kinetic,Handling,2,Warlock(659),false,false,2,5,,4.3,7,80,39,67,68,24,150,43,14,46,0,0,0,,High-Impact Frame*,Cleanshot IS*,Red Dot Micro,Appended Mag*,Extended Mag,Grave Robber*,Outlaw*,Crucible Legacy*,Tier 2 Weapon*,,,,,
The Jade Rabbit,3844694310,"""6917529097009679983""",,Exotic,Scout Rifle,,691,Kinetic,Stability,10,Warlock(659),false,false,1,2,,2.6,77,100,80,67,86,82,150,59,10,29,0,0,0,,The Fate of All Fools*,Polygonal Rifling*,Armor-Piercing Rounds*,Zen Moment*,Jade Rabbit Catalyst*,Upgrade Masterwork,,,,,,,,
Does Not Compute,2278995296,"""6917529086560565711""",,Legendary,Scout Rifle,crucible,617,Kinetic,Range,1,Warlock(659),false,false,2,5,,4,9,80,39,67,85,24,150,43,12,25,0,0,0,,High-Impact Frame*,Rifle Scope ST*,Rifle Scope SSF,Accurized Rounds*,Steady Rounds,Grave Robber*,Threat Detector*,Crucible Legacy*,Tier 1 Weapon*,,,,,
Ether Doctor,1839565992,"""6917529086209056922""",,Legendary,Auto Rifle,tangled,647,Kinetic,Handling,3,Warlock(659),false,false,2,4,,4.9,21,47,61,21,58,46,600,57,41,77,0,0,0,,Adaptive Frame*,Devil Scope D2*,King Sight K1,Armor-Piercing Rounds*,Ricochet Rounds,Snapshot Sights*,Slideways*,Tangled Rust*,Tier 3 Weapon*,,,,,
Ten Paces,2112909415,"""6917529086200510999""",,Legendary,Hand Cannon,,647,Kinetic,Handling,1,Warlock(659),false,false,2,4,,4.5,17,87,71,84,46,58,140,28,14,59,0,0,0,,Adaptive Frame*,Fastdraw HCS*,Sureshot HCS,Extended Mag*,Flared Magwell,Auto-Loading Holster*,Zen Moment*,Glacial Whisper*,Backup Mag*,Tier 1 Weapon*,,,,
Better Devils,153979397,"""6917529088666843516""",,Legendary,Hand Cannon,crucible,595,Kinetic,Stability,1,Warlock(659),false,false,2,4,,3.6,39,88,75,84,46,53,140,46,12,60,0,0,0,,Adaptive Frame*,Fastdraw HCS*,HitMark HCS,Crossfire HCS,Appended Mag*,Steady Rounds,Moving Target*,Field Prep*,Crucible Legacy*,Tier 1 Weapon*,,,,
Vestian Dynasty,3334276332,"""6917529085787693387""",,Legendary,Sidearm,,639,Arc,Range,3,Warlock(659),false,false,2,4,,4.4,17,99,90,51,71,42,260,29,12,35,0,0,0,,Precision Frame*,Extended Barrel*,Chambered Compensator,Alloy Magazine,Armor-Piercing Rounds*,Kill Clip*,Dragonfly*,Distant Earth*,Tier 3 Weapon*,"Yes, Queen",,,,
Death Adder,2517599010,"""6917529096056954215""",,Legendary,Submachine Gun,,648,Solar,,,Warlock(659),false,false,1,1,,5,5,95,55,15,38,61,900,33,37,64,0,0,0,,Lightweight Frame*,Smallbore*,Hammer-Forged Rifling,Corkscrew Rifling,Steady Rounds*,Armor-Piercing Rounds,Hip-Fire Grip*,Masterwork Upgrade*,,,,,,
Persuader,4083045006,"""6917529097037067082""",,Legendary,Sniper Rifle,strikes,694,Void,Reload Speed,1,Warlock(659),false,false,2,5,,4.9,20,60,71,55,48,55,140,62,5,58,0,0,0,,Rapid-Fire Frame*,9RECT Telescopic*,50VAL Telescopic,Steady Rounds*,Alloy Magazine,Genesis*,Explosive Payload*,Vanguard Veteran*,Tier 1 Weapon*,,,,,
IKELOS_SR_v1.0.1,847450546,"""6917529086289794464""",,Legendary,Sniper Rifle,ep,628,Solar,,,Warlock(659),false,false,1,3,,4.7,7,57,73,55,50,36,140,61,5,66,0,0,0,,Rapid-Fire Frame*,Full Bore*,Corkscrew Rifling,Polygonal Rifling,Seraph Rounds*,Box Breathing*,Triple Tap*,Masterwork Upgrade*,,,,,,
Translation Theory,1843044398,"""6917529086283895264""",,Legendary,Sidearm,,631,Solar,Stability,1,Warlock(659),false,false,2,4,,4.7,6,96,81,49,37,72,300,19,18,68,0,0,0,,Adaptive Frame*,QuickDot SAS*,Target SAS,Extended Mag*,Light Mag,Outlaw*,Grave Robber*,Bold Statement*,Tier 1 Weapon*,,,,,
Telesto,2208405142,"""6917529085142505574""",,Exotic,Fusion Rifle,,598,Void,,,Warlock(659),false,false,1,2,,4.4,54,66,46,85,42,81,0,82,4,66,780,0,0,,Unplanned Reprieve*,Projection Fuse*,Harbinger's Pulse*,Polymer Grip*,Telesto Catalyst*,,,,,,,,,
Arsenic Bite-4b,720351795,"""6917529087196397050""",,Legendary,Combat Bow,,631,Arc,Stability,1,Warlock(659),false,false,2,4,,4.9,20,51,81,68,0,72,0,64,0,64,0,640,56,,Lightweight Frame*,Polymer String*,Carbon Arrow Shaft*,Archer's Tempo*,Rampage*,Glacial Whisper*,Tier 1 Weapon*,,,,,,,
Borealis,3141979347,"""6917529079462375142""",,Exotic,Sniper Rifle,,592,Void,Reload Speed,10,Warlock(659),false,false,1,1,,4.3,35,55,65,90,59,66,72,68,5,78,0,0,0,,The Fundamentals*,Corkscrew Rifling*,Extended Mag*,Ionic Return*,Hand-Laid Stock*,Borealis Catalyst*,Upgrade Masterwork,,,,,,,
Inaugural Address,3325744914,"""6917529097004927802""",,Legendary,Pulse Rifle,calus,683,Void,,,Warlock(659),false,false,1,1,,4.2,37,79,64,29,49,68,390,46,39,51,0,0,0,,Adaptive Frame*,Polygonal Rifling*,Fluted Barrel,Chambered Compensator,Outlaw*,Ambitious Assassin,Kill Clip*,Masterwork Upgrade*,,,,,,
Two-Tailed Fox,2694576561,"""6917529085227704467""",,Exotic,Rocket Launcher,,630,Void,,,Warlock(659),false,false,2,4,,3,37,61,67,0,0,73,40,45,1,57,0,0,0,,Twintails*,Confined Launch*,High-Velocity Rounds*,Play with Your Prey*,Composite Stock*,Cuddly Throwback*,,,,,,,,
Stryker's Sure-Hand,3704653637,"""6917529086146924754""",,Legendary,Sword,blackarmory,650,Arc,Impact,2,Warlock(659),false,false,2,5,,5,27,0,0,63,46,0,0,0,64,0,0,0,0,,Adaptive Frame*,Hungry Edge*,Jagged Edge,Burst Guard*,Enduring Guard,Tireless Blade*,Surrounded*,New Age Black Armory*,Tier 2 Weapon*,Base Radiance*,,,,
Play of the Game,195440257,"""6917529088976826117""",,Legendary,Grenade Launcher,crucible,650,Arc,Handling,2,Warlock(659),false,false,2,4,,3.1,42,70,65,0,0,42,120,33,7,55,0,0,0,,Adaptive Frame*,Volatile Launch,Hard Launch,Quick Launch*,Thermoplastic Grenades,Augmented Drum*,Rangefinder*,Rampage*,Crucible Legacy*,Tier 2 Weapon*,,,,
Sleeper Simulant,4036115577,"""6917529086283892970""",,Exotic,Linear Fusion Rifle,,340,Solar,,,Warlock(659),false,false,1,3,,1,79,65,57,41,63,59,0,50,4,46,1024,0,0,,Dornröschen*,Polygonal Rifling*,Flared Magwell*,Moving Target*,Composite Stock*,Sleeper Simulant Catalyst*,,,,,,,,
The Colony,3899270607,"""6917529083173494624""",,Exotic,Grenade Launcher,,581,Void,,,Warlock(659),false,false,1,2,,3.7,28,80,60,0,0,91,140,73,7,86,0,0,0,,Insectoid Robot Grenades*,Linear Compensator*,High-Velocity Rounds*,Serve the Colony*,Composite Stock*,Colony Catalyst*,,,,,,,,
Bad Omens,991314988,"""6917529086122648590""",,Legendary,Rocket Launcher,gambit,650,Void,Handling,4,Warlock(659),false,false,2,4,,5,20,76,34,0,0,25,25,65,1,27,0,0,0,,Aggressive Frame*,Volatile Launch*,Smart Drift Control,Black Powder*,Implosion Rounds,Auto-Loading Holster*,Cluster Bomb*,Gambit Leather*,Tier 4 Weapon*,Foretelling,,,,
Sins of the Past,3691881271,"""6917529097000103384""",,Legendary,Rocket Launcher,calus,683,Arc,,,Warlock(659),false,false,1,1,,3,20,57,74,0,0,77,15,42,1,70,0,0,0,,High-Impact Frame*,Confined Launch*,Linear Compensator,Smart Drift Control,Cluster Bomb*,Ambitious Assassin,Auto-Loading Holster*,Masterwork Upgrade*,,,,,,
Through Fire and Flood,301362381,"""6917529096354668013""",,Legendary,Grenade Launcher,,655,Arc,Reload Speed,1,Warlock(659),false,false,2,4,,3.3,12,77,69,0,0,60,120,46,6,51,0,0,0,,Adaptive Frame*,Linear Compensator*,Quick Launch,Thermoplastic Grenades*,Alloy Casing,Rangefinder*,Rampage*,Glacial Whisper*,Targeting Adjuster*,Tier 1 Weapon*,,,,
Whisper of the Worm,1891561814,"""6917529086912723862""",,Exotic,Sniper Rifle,,650,Solar,,,Warlock(659),false,false,1,3,,1,325,74,39,100,86,42,72,42,3,31,0,0,0,,White Nail*,Polygonal Rifling*,Accurized Rounds*,Mulligan*,Fitted Stock*,Whisper Catalyst*,,,,,,,,
Long Shadow,3745990145,"""6917529097087863256""",,Legendary,Sniper Rifle,strikes,708,Kinetic,Stability,5,Warlock(659),false,true,2,4,,2.3,31,47,59,70,72,52,90,46,4,37,0,0,0,,Adaptive Frame*,ATB Long Range*,ATC Rex,Accurized Rounds*,Extended Mag,Field Prep*,Moving Target*,Vanguard Veteran*,Tier 5 Weapon*,,,,,
Prometheus Lens,19024058,"""6917529086146931891""",,Exotic,Trace Rifle,,650,Solar,,,Warlock(659),false,true,1,2,,3.8,37,90,100,6,73,64,1000,46,100,42,0,0,0,,Prismatic Inferno*,Chambered Compensator*,Projection Fuse*,Flame Refraction*,Composite Stock*,Prometheus Catalyst*,,,,,,,,
Edge Transit,218335759,"""6917529096351553813""",,Legendary,Grenade Launcher,,662,Void,Velocity,3,Warlock(659),false,true,2,4,,4.7,19,70,62,0,0,48,120,72,6,57,0,0,0,,Adaptive Frame*,Countermass*,Quick Launch,Alloy Casing*,Augmented Drum,Auto-Loading Holster*,Genesis*,Distant Earth*,Tier 3 Weapon*,,,,,
Vertical Orbit QSm,2812672356,"""6917529096044690564""",,Legendary,Sidearm,mercury,648,Kinetic,,,Titan(642),false,false,1,2,,5,1,92,79,49,42,77,300,35,15,48,0,0,0,,Adaptive Frame*,Target SAS*,QuickDot SAS,FarPoint SAS,Steady Rounds*,Flared Magwell,Triple Tap*,Masterwork Upgrade*,,,,,,
Wrong Side of Right,3957603605,"""6917529086566888496""",,Legendary,Scout Rifle,tangled,650,Kinetic,Reload Speed,5,Titan(642),false,false,2,4,,3.5,7,70,39,67,73,28,150,64,13,37,0,0,0,,High-Impact Frame*,Devil Scope D2*,Dusk Dot D1,Drop Mag*,Extended Mag,Opening Shot*,Firmly Planted*,Tangled Rust*,Tier 5 Weapon*,,,,,
Arbalest,2130065553,"""6917529096357669739""",,Exotic,Linear Fusion Rifle,,692,Kinetic,,,Titan(642),false,false,2,6,,4.3,109,77,61,41,60,60,0,35,5,28,533,0,0,,Compounding Force*,Extended Barrel*,Projection Fuse*,Disruption Break*,Composite Stock*,,,,,,,,,
Hawthorne's Field-Forged Shotgun,731147177,"""6917529082001393133""",,Legendary,Shotgun,edz,600,Kinetic,Reload Speed,10,Titan(642),true,false,1,1,,5,8,60,45,65,64,50,90,73,7,64,0,0,0,,Lightweight Frame*,Rifled Barrel,Smoothbore*,Tactical Mag,Assault Mag*,Full Auto Trigger System*,Nebula Rose*,Masterwork Weapon*,,,,,,
Ten Paces,2112909415,"""6917529096212038170""",,Legendary,Hand Cannon,,649,Kinetic,Reload Speed,5,Titan(642),false,false,2,4,,3.3,20,87,71,84,55,62,140,50,10,53,0,0,0,,Adaptive Frame*,SteadyHand HCS*,TrueSight HCS,Accurized Rounds*,Tactical Mag,Quickdraw*,Opening Shot*,Glacial Whisper*,Tier 5 Weapon*,,,,,
Lumina,3512014804,"""6917529096429633359""",,Exotic,Hand Cannon,,690,Kinetic,,,Titan(642),true,false,2,7,,4.8,66,95,88,80,53,55,150,65,13,78,0,0,0,,Noble Rounds*,Chambered Compensator*,Accurized Rounds*,Blessing of the Sky*,Polymer Grip*,,,,,,,,,
Sturm,2907129556,"""6917529085776649569""",,Exotic,Hand Cannon,,620,Kinetic,Handling,10,Titan(642),false,false,1,1,,4.2,35,80,50,92,91,56,110,37,12,73,0,0,0,,Accomplice*,Extended Barrel*,Extended Mag*,Storm and Stress*,Combat Grip*,Sturm Catalyst*,Upgrade Masterwork,,,,,,,
Duke Mk. 44,2112909414,"""6917529086808387582""",,Legendary,Hand Cannon,,650,Kinetic,Handling,2,Titan(642),false,false,2,4,,4.9,62,90,64,92,81,27,110,46,9,30,0,0,0,,Aggressive Frame*,TrueSight HCS,Crossfire HCS,Sureshot HCS*,Rangefinder*,Extended Mag,Appended Mag,Light Mag*,Moving Target*,Arctic Pearl*,Tier 2 Weapon*,,,
Crimson,3437746471,"""6917529082194844463""",,Exotic,Hand Cannon,,600,Kinetic,Range,10,Titan(642),false,false,1,2,,4.4,59,55,75,92,93,97,415,64,14,42,0,0,0,,Banned Weapon*,Smallbore*,Accurized Rounds*,Cruel Remedy*,Heavy Grip*,Iridescent Death,Crimson Catalyst*,,,,,,,
Tatara Gaze,1449922174,"""6917529084988773664""",,Legendary,Sniper Rifle,blackarmory,650,Arc,Range,10,Titan(642),false,false,2,5,,4.9,22,79,45,90,92,35,72,42,3,29,0,0,0,,Aggressive Frame*,Corkscrew Rifling,Full Bore*,Extended Mag,Steady Rounds*,Shield Disorient*,Box Breathing*,New Age Black Armory*,Counterbalance Stock*,Masterwork*,Tracker Disabled,Kill Tracker*,Crucible Tracker,Base Radiance*
Distant Relation,2034817450,"""6917529086855168718""",,Legendary,Scout Rifle,gambit,650,Solar,Range,3,Titan(642),false,false,2,4,,5,21,58,61,62,50,54,180,72,16,55,0,0,0,,Precision Frame*,Arrowhead Brake*,Fluted Barrel,Drop Mag*,Alloy Magazine,Zen Moment*,Explosive Payload*,Gambit Leather*,Tier 3 Weapon*,Next of Kin,,,,
Coldheart,1345867571,"""6917529096423841198""",,Exotic,Trace Rifle,,698,Arc,,,Titan(642),false,false,1,1,,3.8,33,90,100,6,73,73,1000,37,101,32,0,0,0,,Cold Fusion*,Extended Barrel*,Enhanced Battery*,Longest Winter*,Hand-Laid Stock*,Pride of Omolon,Coldheart Catalyst*,,,,,,,
Good Bone Structure,64236626,"""6917529088876747397""",,Legendary,Shotgun,gunsmith,650,Arc,Reload Speed,1,Titan(642),false,false,2,4,,5,10,52,35,70,73,42,65,47,7,65,0,0,0,,Precision Frame*,Full Bore*,Smallbore,Appended Mag*,Extended Mag,Threat Detector*,Rampage*,Precursor Vex Chrome*,Tier 1 Weapon*,,,,,
Mindbender's Ambition,4117693024,"""6917529080400567126""",,Legendary,Shotgun,nightfall,600,Solar,Stability,10,Titan(642),false,false,2,4,,4,72,69,39,80,42,56,55,54,6,38,0,0,0,,Aggressive Frame*,Rifled Barrel,Smoothbore,Smallbore*,Appended Mag,Tactical Mag*,Pulse Monitor*,Quickdraw*,Omolon Meteor Gloss*,Boss Spec*,Masterwork*,Tracker Disabled,Kill Tracker,Crucible Tracker*
Right Side of Wrong,3376406418,"""6917529081068781252""",,Legendary,Pulse Rifle,tangled,636,Solar,Range,10,Titan(642),true,false,2,4,,5,25,60,49,35,74,64,450,71,40,44,0,0,0,,Aggressive Burst*,Dusk Scope D2,King Sight K1*,Drop Mag*,Alloy Magazine,Outlaw*,Headseeker*,Indigo Matrix*,Radar Tuner*,Masterwork*,Tracker Disabled,Kill Tracker,Crucible Tracker*,
Vouchsafe,3242168339,"""6917529080488398213""",,Legendary,Scout Rifle,dreaming,650,Void,Stability,6,Titan(642),false,false,2,4,,4.3,7,47,73,60,58,44,200,60,16,58,0,0,0,,Lightweight Frame*,Chambered Compensator,Extended Barrel*,Accurized Rounds*,Appended Mag,Full Auto Trigger System*,Explosive Payload*,Devil in the Details*,Major Spec*,Tier 6 Weapon*,Tracker Disabled,Kill Tracker,Crucible Tracker*,
Le Monarque,3588934839,"""6917529088327079382""",,Exotic,Combat Bow,blackarmory,650,Void,,,Titan(642),false,false,2,5,,4,83,78,70,76,0,56,0,46,0,63,0,760,85,,Poison Arrows*,Natural String*,Compact Arrow Shaft*,Snapshot Sights*,,,,,,,,,,
Arsenic Bite-4b,720351795,"""6917529097622616248""",,Legendary,Combat Bow,,668,Arc,Reload Speed,1,Titan(642),false,false,2,4,,4.8,28,51,81,68,0,71,0,65,0,68,0,680,59,,Lightweight Frame*,Natural String*,Polymer String,Helical Fletching*,Straight Fletching,Quickdraw*,Explosive Head*,Glacial Whisper*,Tier 1 Weapon*,,,,,
Steel Sybil Z-14,4230993599,"""6917529088669505418""",,Legendary,Sword,crucible,621,Void,Impact,2,Titan(642),false,false,2,4,,4.8,14,0,0,60,46,0,0,0,66,0,0,0,0,,Adaptive Frame*,Enduring Blade*,Honed Edge,Tempered Edge,Burst Guard*,Swordmaster's Guard,Relentless Strikes*,Assassin's Blade*,Crucible Legacy*,Tier 2 Weapon*,,,,
Edge Transit,218335759,"""6917529096634132140""",,Legendary,Grenade Launcher,,701,Void,Handling,3,Titan(642),false,false,2,4,,4.6,19,70,62,0,0,61,120,27,7,50,0,0,0,,Adaptive Frame*,Confined Launch*,Linear Compensator,Augmented Drum*,High-Velocity Rounds,Threat Detector*,Quickdraw*,Distant Earth*,Tier 3 Weapon*,,,,,
Crooked Fang-4fr,3419149443,"""6917529097618003271""",,Legendary,Linear Fusion Rifle,gunsmith,598,Void,Stability,2,Titan(642),false,false,2,4,,4.7,9,65,61,41,34,38,0,35,6,45,533,0,0,,Precision Frame*,Arrowhead Brake*,Chambered Compensator,Enhanced Battery*,Liquid Coils,Hip-Fire Grip*,Box Breathing*,Tier 2 Weapon*,,,,,,
Crooked Fang-4fr,3419149443,"""6917529085439710868""",,Legendary,Linear Fusion Rifle,gunsmith,636,Void,Stability,1,Titan(642),false,false,2,4,,4.8,12,65,61,41,43,37,0,35,6,27,533,0,0,,Precision Frame*,Extended Barrel*,Polygonal Rifling,Enhanced Battery*,Particle Repeater,Snapshot Sights*,Backup Plan*,Tier 1 Weapon*,,,,,,
Sleepless,3740842661,"""6917529081199973578""",,Legendary,Rocket Launcher,dreaming,635,Arc,Reload Speed,1,Titan(642),false,false,2,4,,5,12,58,72,0,0,80,15,41,1,69,0,0,0,,High-Impact Frame*,Confined Launch,Linear Compensator*,High-Velocity Rounds,Implosion Rounds*,Snapshot Sights*,Cluster Bomb*,Burnished Dreams*,Targeting Adjuster*,Tier 1 Weapon*,,,,
Zenobia-D,3776129137,"""6917529084607181523""",,Legendary,Rocket Launcher,gunsmith,615,Arc,Blast Radius,3,Titan(642),false,false,2,4,,4.7,18,45,61,0,0,38,15,55,1,41,0,0,0,,Häkke Precision Frame*,Volatile Launch*,Confined Launch,Alloy Casing*,Implosion Rounds,Snapshot Sights*,Kill Clip*,Tier 3 Weapon*,,,,,,
Crooked Fang-4fr,3419149443,"""6917529088634849990""",,Legendary,Linear Fusion Rifle,gunsmith,650,Void,Range,4,Titan(642),false,false,2,4,,5,5,65,61,41,38,36,0,17,7,45,533,0,0,,Precision Frame*,Arrowhead Brake*,Smallbore,Ionized Battery*,Particle Repeater,Hip-Fire Grip*,Kill Clip*,Tier 4 Weapon*,,,,,,
Zenobia-D,3776129137,"""6917529088412170075""",,Legendary,Rocket Launcher,gunsmith,650,Arc,Handling,1,Titan(642),false,false,2,4,,4.7,25,45,61,0,0,38,15,37,1,46,0,0,0,,Häkke Precision Frame*,Hard Launch*,Quick Launch,High-Velocity Rounds*,Impact Casing,Auto-Loading Holster*,Cluster Bomb*,Tier 1 Weapon*,,,,,,
Bad Omens,991314988,"""6917529096212032999""",,Legendary,Rocket Launcher,gambit,661,Void,Velocity,2,Titan(642),false,false,2,4,,5,18,76,34,0,0,25,25,92,1,24,0,0,0,,Aggressive Frame*,Volatile Launch*,Quick Launch,Alloy Casing*,High-Velocity Rounds,Auto-Loading Holster*,Quickdraw*,Gambit Leather*,Minor Spec*,Tier 2 Weapon*,Foretelling,,,
Outrageous Fortune,4146702548,"""6917529097620422768""",,Legendary,Grenade Launcher,strikes,676,Solar,Velocity,1,Titan(642),false,false,2,4,,4.1,27,57,30,0,0,36,150,28,4,46,0,0,0,,Aggressive Frame*,Quick Launch*,Smart Drift Control,High-Explosive Ordnance*,Mini Frags,Threat Detector*,Quickdraw*,Vanguard Veteran*,Tier 1 Weapon*,,,,,
Bygones,2712244741,"""6917529096214910435""",,Legendary,Pulse Rifle,gambit,682,Kinetic,Range,5,Titan(642),false,true,2,4,,4.7,100,69,61,29,67,64,390,51,38,56,0,0,0,,Adaptive Frame*,Corkscrew Rifling*,Fluted Barrel,Armor-Piercing Rounds*,Ricochet Rounds,High-Impact Reserves*,Full Auto Trigger System*,Gambit Leather*,Tier 5 Weapon*,,,,,
Trinity Ghoul,814876685,"""6917529088447850078""",,Exotic,Combat Bow,,650,Arc,,,Titan(642),false,true,2,4,,4.7,35,77,74,80,0,50,0,55,0,58,0,840,96,,Split Electron*,High Tension String*,Compact Arrow Shaft*,Lightning Rod*,,,,,,,,,,
Hammerhead,603242241,"""6917529085233831326""",,Legendary,Machine Gun,blackarmory,650,Void,Stability,10,Titan(642),true,true,2,5,,4.9,102,75,90,41,68,78,450,64,60,49,0,0,0,,Adaptive Frame*,Arrowhead Brake,Fluted Barrel*,Extended Mag,Armor-Piercing Rounds*,Tap the Trigger*,Rampage*,New Age Black Armory*,Rampage Spec*,Masterwork*,Tracker Disabled,Kill Tracker,Crucible Tracker*,Base Radiance*
Bite of the Fox,3169616514,"""6917529097324826473""",,Legendary,Sniper Rifle,ironbanner,697,Kinetic,Handling,1,Hunter(698),false,false,2,4,,4.9,33,68,41,90,73,37,72,60,3,29,0,0,0,,Aggressive Frame*,Chambered Compensator*,Corkscrew Rifling,Drop Mag*,Extended Mag,Firmly Planted*,Explosive Payload*,Tier 1 Weapon*,,,,,,
The Chaperone,3413860062,"""6917529087053053809""",,Exotic,Shotgun,,650,Kinetic,,,Hunter(698),false,false,2,4,,4.8,53,50,70,75,100,37,70,37,6,82,0,0,0,,Precision Slug*,Hammer-Forged Rifling*,Accurized Rounds*,The Roadborn*,Hand-Laid Stock*,Guardian Angel*,,,,,,,,
Rose,2429822976,"""6917529096987674713""",,Legendary,Hand Cannon,,724,Kinetic,Range,10,Hunter(698),false,false,2,7,,4.2,95,95,85,80,62,55,150,60,11,76,0,0,0,,Lightweight Frame*,Chambered Compensator*,Accurized Rounds*,Outlaw*,Polymer Grip*,Targeting Adjuster*,Masterwork*,Tracker Disabled,Kill Tracker,Crucible Tracker*,,,,
Does Not Compute,2278995296,"""6917529097625248140""",,Legendary,Scout Rifle,crucible,726,Kinetic,Reload Speed,1,Hunter(698),false,false,2,5,,4.3,8,80,39,67,84,24,150,44,12,25,0,0,0,,High-Impact Frame*,Rifle Scope ST*,Rifle Scope SSF,Accurized Rounds*,Tactical Mag,High-Impact Reserves*,Rangefinder*,Crucible Legacy*,Tier 1 Weapon*,,,,,
Thorn,3973202132,"""6917529097085547740""",,Exotic,Hand Cannon,,708,Kinetic,,,Hunter(698),false,false,2,6,,4.2,116,100,85,80,54,60,150,46,9,86,0,0,0,,Mark of the Devourer*,Corkscrew Rifling*,Accurized Rounds*,Soul Devourer*,Textured Grip*,,,,,,,,,
Duke Mk. 44,2112909414,"""6917529097092269853""",,Legendary,Hand Cannon,,714,Kinetic,Reload Speed,3,Hunter(698),false,false,2,4,,4.9,89,90,64,92,77,27,110,22,12,28,0,0,0,,Aggressive Frame*,TrueSight HCS,HitMark HCS,Sureshot HCS*,Opening Shot*,Extended Mag*,Appended Mag,Flared Magwell,Rampage*,Glacial Whisper*,Tier 3 Weapon*,,,
Bad Juju,2816212794,"""6917529097029808465""",,Exotic,Pulse Rifle,calus,710,Kinetic,,,Hunter(698),false,false,2,7,,4.2,301,85,60,27,46,79,450,52,27,60,0,0,0,,String of Curses*,Hammer-Forged Rifling*,Steady Rounds*,Hip-Fire Grip*,Short-Action Stock*,Empty Catalyst Socket*,,,,,,,,
Better Devils,153979397,"""6917529097327220002""",,Legendary,Hand Cannon,crucible,724,Kinetic,Reload Speed,5,Hunter(698),false,false,2,4,,3.5,49,88,75,84,55,57,140,50,10,55,0,0,0,,Adaptive Frame*,SteadyHand HCS*,TrueSight HCS,HitMark HCS,Accurized Rounds*,Drop Mag,Auto-Loading Holster*,Opening Shot*,Crucible Legacy*,Tier 5 Weapon*,,,,
The Cut and Run,3501969491,"""6917529097701290857""",,Legendary,Scout Rifle,,709,Arc,Handling,3,Hunter(698),false,false,2,4,,2.1,8,80,37,67,75,36,150,37,15,33,0,0,0,,High-Impact Frame*,King Dot K2*,Dusk Dot D1,Appended Mag*,Flared Magwell,Auto-Loading Holster*,Triple Tap*,Glacial Whisper*,Tier 3 Weapon*,,,,,
Twilight Oath,3297863558,"""6917529097610577708""",,Legendary,Sniper Rifle,dreaming,733,Solar,Stability,3,Hunter(698),false,false,2,4,,3.4,45,59,70,55,34,54,140,71,7,82,0,0,0,,Rapid-Fire Frame*,Fluted Barrel*,Smallbore,Tactical Mag*,Alloy Magazine,Firmly Planted*,Outlaw*,Burnished Dreams*,Tier 3 Weapon*,,,,,
Riskrunner,3089417789,"""6917529084749677368""",,Exotic,Submachine Gun,,618,Arc,,,Hunter(698),false,false,1,1,,4.9,46,94,50,20,55,60,900,24,41,74,0,0,0,,Arc Conductor*,Arrowhead Brake*,Extended Mag*,Superconductor*,Short-Action Stock*,Electric Violet*,Riskrunner Catalyst*,,,,,,,
Fighting Lion,3549153978,"""6917529079751541305""",,Exotic,Grenade Launcher,,650,Void,Reload Speed,10,Hunter(698),false,false,1,1,,4.7,85,60,80,0,0,78,72,82,1,100,0,0,0,,Delayed Gratification*,Countermass*,Implosion Rounds*,Thin the Herd*,Short-Action Stock*,Prideglass*,Fighting Lion Catalyst*,,,,,,,
Luna's Howl,153979396,"""6917529097625245418""",,Legendary,Hand Cannon,crucible,726,Solar,Stability,10,Hunter(698),false,false,2,4,,1.2,211,95,79,80,47,79,150,86,10,42,0,0,0,,Precision Frame*,Polygonal Rifling*,Drop Mag*,Zen Moment*,Magnificent Howl*,Masterwork*,Tracker Disabled,Kill Tracker,Crucible Tracker*,,,,,
Lord of Wolves,3413860063,"""6917529097605790553""",,Exotic,Shotgun,,703,Solar,,,Hunter(698),false,false,2,4,,3.4,235,80,80,68,28,59,640,64,6,46,0,0,0,,Shrapnel Launcher*,Chambered Compensator*,Extended Mag*,Release the Wolves*,Composite Stock*,,,,,,,,,
The Hero's Burden,1865351684,"""6917529097610575794""",,Legendary,Submachine Gun,ironbanner,725,Void,Reload Speed,2,Hunter(698),false,false,2,5,,5,21,93,51,20,50,46,900,42,36,77,0,0,0,,Adaptive Frame*,SLO-12 Post*,SPO-57 Front,Extended Mag*,Light Mag,Zen Moment*,Kill Clip*,Tier 2 Weapon*,,,,,,
Thunderlord,3325463374,"""6917529082086461318""",,Exotic,Machine Gun,,650,Arc,,,Hunter(698),false,false,2,4,,4.3,85,70,90,41,68,64,450,68,62,46,0,0,0,,Reign Havoc*,Polygonal Rifling*,Armor-Piercing Rounds*,Lightning Rounds*,Feeding Frenzy*,,,,,,,,,
Play of the Game,195440257,"""6917529097625245762""",,Legendary,Grenade Launcher,crucible,725,Arc,Handling,4,Hunter(698),false,false,2,4,,3.1,46,70,65,0,0,50,120,51,6,39,0,0,0,,Adaptive Frame*,Volatile Launch*,Confined Launch,Linear Compensator,Spike Grenades*,Augmented Drum,Snapshot Sights*,Quickdraw*,Crucible Legacy*,Tier 4 Weapon*,,,,
Play of the Game,195440257,"""6917529097009674491""",,Legendary,Grenade Launcher,crucible,721,Arc,Handling,2,Hunter(698),false,false,2,4,,3.2,44,70,65,0,0,50,120,51,6,55,0,0,0,,Adaptive Frame*,Volatile Launch,Countermass,Quick Launch*,Proximity Grenades,Spike Grenades*,Rangefinder*,Quickdraw*,Crucible Legacy*,Tier 2 Weapon*,,,,
Tractor Cannon,3580904581,"""6917529083814281735""",,Exotic,Shotgun,,687,Void,Magazine,10,Hunter(698),false,false,1,1,,5,97,60,90,65,28,96,80,24,7,42,0,0,0,,Repulsor Force*,Extended Barrel*,Particle Repeater*,The Scientific Method*,Composite Stock*,Tractor Cannon Catalyst*,Upgrade Masterwork,,,,,,,
Roar of the Bear,308332265,"""6917529097612783478""",,Legendary,Rocket Launcher,ironbanner,725,Solar,Velocity,2,Hunter(698),false,false,2,4,,5,7,45,71,0,0,52,15,68,1,82,0,0,0,,High-Impact Frame*,Quick Launch*,Smart Drift Control,Alloy Casing*,Implosion Rounds,Threat Detector*,Auto-Loading Holster*,Tier 2 Weapon*,,,,,,
D.A.R.C.I.,3141979346,"""6917529097007321146""",,Exotic,Sniper Rifle,,709,Arc,Stability,10,Hunter(698),false,false,1,1,,4.9,38,100,60,55,46,96,140,46,7,82,0,0,0,,Personal Assistant*,Extended Barrel*,Extended Mag*,Target Acquired*,Short-Action Stock*,Mind of Its Own*,D.A.R.C.I. Catalyst*,Upgrade Masterwork,,,,,,
The Colony,3899270607,"""6917529097322436851""",,Exotic,Grenade Launcher,,723,Void,,,Hunter(698),false,false,1,2,,3.7,28,80,60,0,0,91,140,73,7,86,0,0,0,,Insectoid Robot Grenades*,Linear Compensator*,High-Velocity Rounds*,Serve the Colony*,Composite Stock*,Colony Catalyst*,,,,,,,,
Through Fire and Flood,301362381,"""6917529097394119431""",,Legendary,Grenade Launcher,,724,Arc,Blast Radius,2,Hunter(698),false,false,2,4,,4.1,10,77,69,0,0,56,120,54,7,60,0,0,0,,Adaptive Frame*,Confined Launch,Countermass*,Thermoplastic Grenades,Mini Frags*,Threat Detector*,Rampage*,Distant Earth*,Tier 2 Weapon*,,,,,
Black Talon,3766045777,"""6917529082630659547""",,Exotic,Sword,,600,Void,,,Hunter(698),false,false,2,4,,4.8,26,0,0,64,46,0,0,0,62,0,0,0,0,,Crow's Wings*,Tempered Edge*,Heavy Guard*,Tireless Blade*,,,,,,,,,,
The Mountaintop,3993415705,"""6917529097625243622""",,Legendary,Grenade Launcher,crucible,726,Kinetic,Velocity,10,Hunter(698),false,true,2,5,,4.8,262,62,75,0,0,31,90,67,1,72,0,0,0,,Lightweight Frame*,Hard Launch*,Volatile Launch,Spike Grenades*,Sticky Grenades,Rangefinder*,Micro-Missile*,Targeting Adjuster*,Masterwork*,Tracker Disabled*,Kill Tracker,Crucible Tracker,,
The Recluse,3354242550,"""6917529097615704543""",,Legendary,Submachine Gun,crucible,730,Void,Range,10,Hunter(698),false,true,2,6,,4.8,467,100,55,15,54,70,900,35,36,67,0,0,0,,Lightweight Frame*,Polygonal Rifling*,Ricochet Rounds*,Feeding Frenzy*,Master of Arms*,Masterwork*,Tracker Disabled,Kill Tracker*,Crucible Tracker,,,,,
The Wardcliff Coil,1508896098,"""6917529087250466213""",,Exotic,Rocket Launcher,,630,Arc,,,Hunter(698),false,true,1,1,,4.8,53,60,80,0,0,60,60,37,1,82,0,0,0,,Mad Scientist*,Volatile Launch*,Extended Mag*,Mechanized Autoloader*,Composite Stock*,Tesla's Revenge,Wardcliff Coil Catalyst*,,,,,,,
Subtle Calamity,3410721600,"""6917529096354665326""",,Legendary,Combat Bow,,655,Void,Handling,3,Vault,false,false,2,4,,4.9,38,60,70,76,0,42,0,46,0,55,0,800,90,,Precision Frame*,High Tension String*,Polymer String,Compact Arrow Shaft*,Fiberglass Arrow Shaft,Moving Target*,Explosive Head*,Distant Earth*,Tier 3 Weapon*,,,,,
Atalanta-D,2414612777,"""6917529048717922188""",,Legendary,Submachine Gun,nessus,330,Kinetic,Reload Speed,10,Vault,false,false,1,2,,5,3,82,54,25,57,59,600,36,27,31,0,0,0,,Precision Frame*,GA Post,SD Thermal*,Extended Mag,Steady Rounds*,Tap the Trigger*,Masterwork Weapon*,,,,,,,
Wicked Sister,2168486467,"""6917529046872227592""",,Legendary,Grenade Launcher,strikes,300,Void,,,Vault,false,false,1,1,,1,1,64,70,0,0,52,120,56,5,55,0,0,0,,Adaptive Frame*,Countermass*,Quick Launch,Confined Launch,High-Velocity Rounds*,Remote Detonation,Auto-Loading Holster*,Masterwork Upgrade*,,,,,,
Trackless Waste,2681395357,"""6917529080458152601""",,Legendary,Submachine Gun,tangled,573,Kinetic,Stability,1,Vault,false,false,2,4,,3.7,24,85,52,20,53,55,900,55,34,58,0,0,0,,Adaptive Frame*,Wolf Sight W1,Dusk Sight D1*,Armor-Piercing Rounds*,Ricochet Rounds,Slideways*,Kill Clip*,Tangled Rust*,Tier 1 Weapon*,,,,,
Curtain Call,137879537,"""6917529042431274663""",,Legendary,Rocket Launcher,strikes,311,Arc,,,Vault,false,false,1,1,,5,3,67,27,0,0,31,25,73,1,22,0,0,0,,Aggressive Frame*,Volatile Launch*,Hard Launch,Countermass,High-Velocity Rounds*,Black Powder,Cluster Bomb*,Calus's Selected*,Masterwork Upgrade*,,,,,
The Long Walk,174804902,"""6917529046403435933""",,Legendary,Sniper Rifle,trials,319,Void,,,Vault,false,false,1,1,,5,6,76,48,90,80,37,72,41,3,31,0,0,0,,Aggressive Frame*,Chambered Compensator*,Corkscrew Rifling,Polygonal Rifling,Slideshot*,Outlaw,Quickdraw*,Masterwork Upgrade*,,,,,,
It Stared Back,1018072983,"""6917529042932187430""",,Legendary,Sword,calus,317,Solar,,,Vault,false,false,1,1,,5,3,0,0,62,46,0,0,0,64,0,0,0,0,,Adaptive Frame*,Hungry Edge*,Jagged Edge,Enduring Guard*,Burst Guard,Whirlwind Blade*,Relentless Strikes*,Masterwork Upgrade*,,,,,,
MIDA Mini-Tool,3089417788,"""6917529041277281495""",,Legendary,Submachine Gun,edz,300,Solar,,,Vault,false,false,1,1,,4.1,4,80,49,15,37,59,900,38,37,82,0,0,0,,Lightweight Frame*,Fluted Barrel*,Alloy Magazine*,MIDA Synergy*,Masterwork Upgrade*,,,,,,,,,
Unspoken Promise,287042894,"""6917529044747815192""",,Legendary,Sword,io,294,Arc,,,Vault,false,false,1,1,,N/A,N/A,0,0,62,46,0,0,0,64,0,0,0,0,,Adaptive Frame*,Hungry Edge*,Honed Edge,Balanced Guard*,Burst Guard,Relentless Strikes*,Masterwork Upgrade*,,,,,,,
Loaded Question,580961571,"""6917529096375665739""",,Legendary,Fusion Rifle,strikes,692,Arc,Stability,10,Vault,false,false,2,5,,4.8,179,77,66,95,62,42,0,10,7,42,860,0,0,,High-Impact Frame*,Red Dot 2 MOA*,Ionized Battery*,Auto-Loading Holster*,Reservoir Burst*,Masterwork*,Tracker Disabled,Kill Tracker*,Crucible Tracker,,,,,
Vestian Dynasty,3334276332,"""6917529088883111038""",,Legendary,Sidearm,,599,Arc,Handling,1,Vault,false,false,2,4,,4.4,17,99,90,51,64,42,260,29,12,36,0,0,0,,Precision Frame*,Extended Barrel*,Chambered Compensator,Alloy Magazine*,Armor-Piercing Rounds,Kill Clip*,Dragonfly*,Glacial Whisper*,Tier 1 Weapon*,"Yes, Queen",,,,
The Jade Rabbit,3844694310,"""6917529088566642753""",,Exotic,Scout Rifle,,630,Kinetic,Stability,10,Vault,false,false,1,2,,2.6,77,100,80,67,86,82,150,59,10,29,0,0,0,,The Fate of All Fools*,Polygonal Rifling*,Armor-Piercing Rounds*,Zen Moment*,Jade Rabbit Catalyst*,Upgrade Masterwork,,,,,,,,
Long Shadow,3745990145,"""6917529079316436905""",,Legendary,Sniper Rifle,strikes,600,Kinetic,Handling,10,Vault,true,false,2,4,,3.7,47,47,59,70,54,48,90,46,4,67,0,0,0,,Adaptive Frame*,ATD Raptor,ATA Scout*,Drop Mag,Alloy Magazine*,Snapshot Sights*,Explosive Payload*,Precursor Vex Chrome*,Counterbalance Stock*,Masterwork*,Tracker Disabled,Kill Tracker,Crucible Tracker*,
Prosecutor,1909527966,"""6917529044912526909""",,Legendary,Auto Rifle,trials,323,Arc,,,Vault,false,false,1,1,,5,1,69,34,29,68,52,450,50,32,56,0,0,0,,Precision Frame*,Chambered Compensator,Corkscrew Rifling*,Polygonal Rifling,Slideways*,Tap the Trigger,Hip-Fire Grip*,Masterwork Upgrade*,,,,,,
The Last Breath,1503609584,"""6917529046403440145""",,Legendary,Auto Rifle,trials,329,Kinetic,,,Vault,false,false,1,2,,5,2,56,67,21,57,49,600,56,43,61,0,0,0,,Adaptive Frame*,Extended Barrel*,Full Bore,Chambered Compensator,Slideshot*,Dynamic Sway Reduction,Ambitious Assassin*,Masterwork Upgrade*,,,,,,
Roar of the Bear,308332265,"""6917529082303940198""",,Legendary,Rocket Launcher,ironbanner,631,Solar,Blast Radius,1,Vault,false,false,2,4,,5,11,45,71,0,0,52,15,68,1,64,0,0,0,,High-Impact Frame*,Volatile Launch*,Quick Launch,Alloy Casing*,Implosion Rounds,Tracking Module*,Quickdraw*,Tier 1 Weapon*,,,,,,
The Huckleberry,2286143274,"""6917529080351523149""",,Exotic,Submachine Gun,,600,Kinetic,,,Vault,false,false,1,3,,4.7,156,100,49,22,58,56,750,10,37,87,0,0,0,,Ride the Bull*,Fluted Barrel*,Ricochet Rounds*,Rampage*,Short-Action Stock*,Huckleberry Catalyst*,Upgrade Masterwork,,,,,,,
Badlander,1327264046,"""6917529097211291567""",,Legendary,Shotgun,,716,Arc,Range,2,Vault,false,false,2,4,,5,17,70,66,65,45,49,140,75,8,38,0,0,0,,Rapid-Fire Frame*,Rifled Barrel*,Smoothbore,Tactical Mag*,Steady Rounds,Slideshot*,Snapshot Sights*,Distant Earth*,Tier 2 Weapon*,,,,,
Bygones,2712244741,"""6917529096832214475""",,Legendary,Pulse Rifle,gambit,706,Kinetic,Stability,1,Vault,true,false,2,4,,5,88,69,61,29,71,51,390,51,38,47,0,0,0,,Adaptive Frame*,Full Bore*,Polygonal Rifling,High-Caliber Rounds*,Flared Magwell,High-Impact Reserves*,Headseeker*,Gambit Leather*,Tier 1 Weapon*,,,,,
Long Shadow,3745990145,"""6917529088663674837""",,Legendary,Sniper Rifle,strikes,578,Kinetic,Handling,1,Vault,false,false,2,4,,1.4,24,47,59,70,63,48,90,28,5,38,0,0,0,,Adaptive Frame*,ATB Long Range*,ATC Rex,Extended Mag*,Alloy Magazine,Threat Detector*,Ambitious Assassin*,Vanguard Veteran*,Tier 1 Weapon*,,,,,
Duke Mk. 44,2112909414,"""6917529085130704403""",,Legendary,Hand Cannon,,635,Kinetic,Stability,6,Vault,true,false,2,4,,4.9,81,90,64,92,78,37,110,37,9,32,0,0,0,,Aggressive Frame*,Fastdraw HCS,TrueSight HCS,Crossfire HCS*,Zen Moment*,Armor-Piercing Rounds*,High-Caliber Rounds,Ricochet Rounds,Kill Clip*,New Age Black Armory*,Tier 6 Weapon*,Tracker Disabled,Kill Tracker*,Crucible Tracker
Death by Scorn,3334276333,"""6917529081517748874""",,Legendary,Sidearm,,572,Void,Handling,2,Vault,false,false,2,4,,4.4,10,91,88,56,61,56,325,30,25,44,0,0,0,,Aggressive Burst*,Shortspec SAS*,Ricochet Rounds*,Headseeker*,Zen Moment,Full Auto Trigger System*,Distant Earth*,Tier 2 Weapon*,,,,,,
Fate Cries Foul,1684914716,"""6917529082013091382""",,Legendary,Sniper Rifle,crucible,723,Void,Range,10,Vault,false,false,2,4,,3.2,57,48,60,70,66,47,90,44,4,56,0,0,0,,Adaptive Frame*,Zoom 30 Focus,Zoom 10 Point*,Alloy Magazine,High-Caliber Rounds*,Snapshot Sights*,Moving Target*,Cerulean Divide*,Counterbalance Stock*,Masterwork*,Tracker Disabled,Kill Tracker,Crucible Tracker*,
Translation Theory,1843044398,"""6917529079917479827""",,Legendary,Sidearm,,650,Solar,Stability,1,Vault,false,false,2,4,,5,3,96,81,49,44,68,300,50,15,50,0,0,0,,Adaptive Frame*,Shortspec SAS,Target SAS*,Extended Mag,Flared Magwell*,Full Auto Trigger System*,Opening Shot*,Distant Earth*,Tier 1 Weapon*,,,,,
No Turning Back,720351794,"""6917529079370494071""",,Legendary,Combat Bow,,410,Kinetic,Accuracy,1,Vault,false,false,2,4,,5,20,72,66,76,0,44,0,46,0,59,0,800,99,,Precision Frame*,High Tension String*,Fiberglass Arrow Shaft*,Explosive Head*,Snapshot Sights,Hip-Fire Grip*,Tier 1 Weapon*,,,,,,,
Uriel's Gift,3762467076,"""6917529085111717325""",,Legendary,Auto Rifle,nessus,605,Arc,,,Vault,false,false,1,1,,5,6,71,44,29,71,45,450,46,33,54,0,0,0,,Precision Frame*,Spark PS*,Flash HS5,High-Caliber Rounds*,Steady Rounds,Tap the Trigger*,Masterwork Upgrade*,,,,,,,
Hard Truths,105567493,"""6917529086808391470""",,Legendary,Submachine Gun,crucible,654,Kinetic,Stability,1,Vault,false,false,2,4,,1,20,80,27,22,50,16,750,28,27,61,0,0,0,,Aggressive Frame*,IS 2 Classic*,Model 8 Red,Alloy Magazine*,Appended Mag,Slideways*,Field Prep,Kill Clip*,Crucible Legacy*,Tier 1 Weapon*,,,,
Parcel of Stardust,2217366863,"""6917529085344524924""",,Legendary,Shotgun,gambit,632,Kinetic,Stability,1,Vault,false,false,2,4,,5,32,53,52,65,69,46,80,60,6,58,0,0,0,,Lightweight Frame*,Rifled Barrel*,Barrel Shroud,Appended Mag,Accurized Rounds*,Opening Shot*,Pulse Monitor*,Precursor Vex Chrome*,Tier 1 Weapon*,Meteor Shower*,Fell to Earth,,,
Swift Ride XE8375,1386601612,"""6917529096994747084""",,Legendary,Pulse Rifle,blackarmory,676,Arc,Stability,5,Vault,false,false,2,5,,3.8,17,70,65,29,50,66,390,73,38,46,0,0,0,,Adaptive Frame*,SRO-41 Ocular*,SPO-26 Front,Drop Mag*,Extended Mag,Grave Robber*,Full Auto Trigger System*,Refurbished Black Armory*,Tier 5 Weapon*,,,,,
Tango-45 XK5094,20025671,"""6917529085779057347""",,Legendary,Scout Rifle,blackarmory,621,Solar,Stability,5,Vault,false,false,2,5,,5,5,69,65,62,68,55,180,44,16,42,0,0,0,,Precision Frame*,SRO-37 Ocular*,SPO-57 Front,SPO-26 Front,Accurized Rounds*,Steady Rounds,Hip-Fire Grip*,Opening Shot*,Refurbished Black Armory*,Tier 5 Weapon*,,,,
Niflheim Frost,1350102270,"""6917529080388554216""",,Legendary,Scout Rifle,mars,340,Kinetic,,,Vault,false,false,1,3,,5,1,80,62,62,60,38,180,48,18,46,0,0,0,,Precision Frame*,Chambered Compensator,Full Bore*,Polygonal Rifling,Appended Mag*,Drop Mag,Kill Clip,Opening Shot*,Masterwork Upgrade*,,,,,
The Queenbreaker,2044500762,"""6917529084827824436""",,Exotic,Linear Fusion Rifle,,627,Arc,,,Vault,false,false,2,4,,1,34,60,60,20,55,91,0,64,6,50,300,0,0,,Wire Rifle*,Marksman Sights,Combat Sights*,Enhanced Battery*,Hip-Fire Grip,Quickdraw*,Fitted Stock*,,,,,,,
Distant Relation,2034817450,"""6917529088839122797""",,Legendary,Scout Rifle,gambit,650,Solar,Range,1,Vault,false,false,2,4,,5,21,58,61,62,43,68,180,45,16,55,0,0,0,,Precision Frame*,Arrowhead Brake*,Fluted Barrel,Steady Rounds*,Flared Magwell,Full Auto Trigger System*,Moving Target*,Gambit Leather*,Tier 1 Weapon*,Next of Kin,,,,
18 Kelvins,1798874854,"""6917529086280461592""",,Legendary,Sidearm,mars,627,Arc,,,Vault,false,false,1,3,,5,9,92,80,49,62,72,300,36,15,58,0,0,0,,Adaptive Frame*,Hammer-Forged Rifling*,Fluted Barrel,Smallbore,Accurized Rounds*,Tactical Mag,Kill Clip*,Opening Shot,Masterwork Upgrade*,,,,,
Baligant,731147179,"""6917529081217413078""",,Legendary,Shotgun,io,572,Kinetic,,,Vault,false,false,1,1,,1.4,7,72,28,80,24,42,55,37,5,30,0,0,0,,Aggressive Frame*,Full Choke*,Rifled Barrel,Steady Rounds*,Flared Magwell,Snapshot Sights*,Masterwork Upgrade*,,,,,,,
Waking Vigil,334171687,"""6917529086746345678""",,Legendary,Hand Cannon,dreaming,635,Arc,Reload Speed,4,Vault,false,false,2,4,,5,20,98,85,80,38,53,150,46,14,76,0,0,0,,Lightweight Frame*,SteadyHand HCS*,Crossfire HCS,Extended Mag*,Alloy Magazine,Triple Tap*,Snapshot Sights*,Burnished Dreams*,Tier 4 Weapon*,,,,,
Mos Epoch III,417474225,"""6917529085743020321""",,Legendary,Rocket Launcher,nessus,623,Arc,,,Vault,false,false,1,1,,N/A,N/A,54,32,0,0,51,25,57,1,35,0,0,0,,Aggressive Frame*,Countermass*,Volatile Launch,Smart Drift Control,Implosion Rounds*,Black Powder,Quickdraw*,Masterwork Upgrade*,,,,,,
Talons of the Eagle,1982711279,"""6917529082013090063""",,Legendary,Scout Rifle,ironbanner,600,Kinetic,Reload Speed,2,Vault,false,false,2,4,,4.7,20,71,30,67,80,41,150,50,15,24,0,0,0,,High-Impact Frame*,Arrowhead Brake,Extended Barrel*,Accurized Rounds,Tactical Mag*,Outlaw*,Explosive Payload*,Major Spec*,Tier 2 Weapon*,,,,,
Badlander,1327264046,"""6917529085739821566""",,Legendary,Shotgun,,616,Arc,Stability,2,Vault,false,false,2,4,,4.8,18,70,66,65,48,46,140,66,8,51,0,0,0,,Rapid-Fire Frame*,Smoothbore*,Full Choke,Appended Mag*,Extended Mag,Slideshot*,Quickdraw*,Glacial Whisper*,Tier 2 Weapon*,,,,,
Better Devils,153979397,"""6917529088658096409""",,Legendary,Hand Cannon,crucible,599,Kinetic,Stability,5,Vault,false,false,2,4,,3.1,41,88,75,84,55,61,140,46,10,55,0,0,0,,Adaptive Frame*,SteadyHand HCS*,HitMark HCS,Crossfire HCS,Accurized Rounds*,Extended Mag,Threat Detector*,Field Prep*,Crucible Legacy*,Tier 5 Weapon*,,,,
Bad Omens,991314988,"""6917529084598658175""",,Legendary,Rocket Launcher,gambit,632,Void,Velocity,1,Vault,false,false,2,4,,5,18,76,34,0,0,16,25,65,1,28,0,0,0,,Aggressive Frame*,Hard Launch*,Linear Compensator,Black Powder*,Implosion Rounds,Tracking Module*,Kill Clip*,Gambit Leather*,Tier 1 Weapon*,Foretelling,,,,
Better Devils,153979397,"""6917529088666850394""",,Legendary,Hand Cannon,crucible,599,Kinetic,Stability,1,Vault,false,false,2,4,,3.4,51,88,75,84,46,58,140,55,11,60,0,0,0,,Adaptive Frame*,Fastdraw HCS*,SteadyHand HCS,Crossfire HCS,Tactical Mag*,Steady Rounds,Snapshot Sights*,Kill Clip*,Crucible Legacy*,Tier 1 Weapon*,,,,
Pribina-D,4211534763,"""6917529080107464443""",,Legendary,Hand Cannon,gunsmith,535,Kinetic,Reload Speed,1,Vault,false,false,2,4,,4.5,6,80,63,92,55,38,110,36,7,39,0,0,0,,Aggressive Frame*,Fastdraw HCS*,Crossfire HCS,Steady Rounds*,Alloy Magazine,Threat Detector*,Zen Moment*,Tier 1 Weapon*,,,,,,
Nameless Midnight,3040742682,"""6917529088666851734""",,Legendary,Scout Rifle,strikes,599,Kinetic,Stability,1,Vault,false,false,2,4,,4.2,11,79,62,62,52,59,180,50,16,37,0,0,0,,Precision Frame*,Rifle Scope ST*,Rifle Scope SSF,Red Dot Micro,Steady Rounds*,Flared Magwell,Auto-Loading Holster*,Outlaw*,Vanguard Veteran*,Tier 1 Weapon*,,,,
Abide the Return,1644160541,"""6917529086805507345""",,Legendary,Sword,dreaming,631,Solar,Impact,4,Vault,false,false,2,4,,4.4,11,0,0,64,46,0,0,0,64,0,0,0,0,,Adaptive Frame*,Hungry Edge*,Jagged Edge,Burst Guard*,Swordmaster's Guard,Relentless Strikes*,Tireless Blade,En Garde*,Burnished Dreams*,Tier 4 Weapon*,,,,
Fate Cries Foul,1684914716,"""6917529088663678093""",,Legendary,Sniper Rifle,crucible,578,Void,Handling,2,Vault,false,false,2,4,,3.2,57,48,60,70,61,47,90,44,4,40,0,0,0,,Adaptive Frame*,Zoom 30 Focus*,Zoom 10 Point,Alloy Magazine*,High-Caliber Rounds,Genesis*,Rampage*,Crucible Legacy*,Tier 2 Weapon*,,,,,
Crooked Fang-4fr,3419149443,"""6917529086763265000""",,Legendary,Linear Fusion Rifle,gunsmith,621,Void,Reload Speed,2,Vault,false,false,2,4,,5,2,65,61,41,34,41,0,37,6,50,533,0,0,,Precision Frame*,Fluted Barrel*,Polygonal Rifling,Enhanced Battery*,Ionized Battery,Auto-Loading Holster*,Genesis*,Tier 2 Weapon*,,,,,,
Atalanta-D XG1992,2422664927,"""6917529084752233490""",,Legendary,Submachine Gun,blackarmory,596,Kinetic,Stability,1,Vault,false,false,2,5,,5,10,82,54,25,68,55,600,27,27,26,0,0,0,,Precision Frame*,SD Thermal,SC Holo*,Alloy Magazine,Ricochet Rounds*,Slideways*,Grave Robber*,Refurbished Black Armory*,Tier 1 Weapon*,,,,,
Baligant XU7743,3461377698,"""6917529084813274409""",,Legendary,Shotgun,blackarmory,599,Kinetic,Handling,2,Vault,false,false,2,5,,1.9,4,72,28,80,28,47,55,37,5,36,0,0,0,,Aggressive Frame*,Barrel Shroud,Corkscrew Rifling*,Appended Mag,Steady Rounds*,Full Auto Trigger System*,Moving Target*,New Age Black Armory*,Tier 2 Weapon*,,,,,
Vestian Dynasty,3334276332,"""6917529086925052605""",,Legendary,Sidearm,,633,Arc,Handling,2,Vault,false,false,2,4,,4.4,17,99,90,51,64,42,260,29,12,37,0,0,0,,Precision Frame*,Extended Barrel*,Chambered Compensator,Alloy Magazine*,Armor-Piercing Rounds,Kill Clip*,Dragonfly*,Glacial Whisper*,Tier 2 Weapon*,"Yes, Queen",,,,
Anonymous Autumn,3222518097,"""6917529088666845076""",,Legendary,Sidearm,crucible,599,Solar,Range,4,Vault,false,false,2,4,,4.2,10,99,67,43,40,54,360,50,15,78,0,0,0,,Lightweight Frame*,QuickDot SAS*,FarPoint SAS,Armor-Piercing Rounds*,Flared Magwell,Threat Detector*,Kill Clip*,Crucible Legacy*,Tier 4 Weapon*,,,,,
IKELOS_HC_v1.0.1,3866356643,"""6917529080339856685""",,Legendary,Hand Cannon,mars,340,Void,,,Vault,false,false,1,3,,4.7,9,91,75,78,39,64,180,40,9,53,0,0,0,,Precision Frame*,Corkscrew Rifling,Smallbore,Fluted Barrel*,Seraph Rounds*,Rampage,Threat Detector*,Masterwork Upgrade*,,,,,,
Crimil's Dagger,4292849692,"""6917529086018702991""",,Legendary,Hand Cannon,ironbanner,618,Kinetic,Handling,4,Vault,false,false,2,5,,4.9,19,98,67,92,64,35,110,32,10,48,0,0,0,,Aggressive Frame*,Fastdraw HCS*,HitMark HCS,Appended Mag*,Tactical Mag,Snapshot Sights*,Kill Clip*,Tier 4 Weapon*,,,,,,
Arsenic Bite-4b,720351795,"""6917529079920366881""",,Legendary,Combat Bow,,612,Arc,Draw Time,2,Vault,false,false,2,4,,4.8,27,51,81,68,0,71,0,64,0,64,0,632,56,,Lightweight Frame*,Polymer String*,Carbon Arrow Shaft*,Explosive Head*,Rampage*,Vibrant Beach*,Targeting Adjuster*,Tier 2 Weapon*,,,,,,
Antiope-D,2561659919,"""6917529079731969158""",,Legendary,Submachine Gun,gunsmith,454,Kinetic,Reload Speed,4,Vault,false,false,2,4,,5,9,90,58,25,65,39,600,13,30,38,0,0,0,,Precision Frame*,GA Post*,SC Holo,Extended Mag*,Appended Mag,Snapshot Sights*,Threat Detector*,Tier 4 Weapon*,,,,,,
The Spiteful Fang,421573768,"""6917529085749176205""",,Legendary,Combat Bow,blackarmory,641,Kinetic,Reload Speed,1,Vault,false,false,2,5,,4.9,17,50,76,68,0,55,0,65,0,78,0,680,68,,Lightweight Frame*,Tactile String,Natural String*,Fiberglass Arrow Shaft*,Natural Fletching,Sneak Bow*,Hip-Fire Grip*,New Age Black Armory*,Tier 1 Weapon*,Base Radiance*,,,,
Elatha FR4,4105447487,"""6917529085790534606""",,Legendary,Fusion Rifle,mercury,617,Solar,,,Vault,false,false,1,2,,5,2,62,58,95,57,32,0,24,6,41,860,0,0,,High-Impact Frame*,Candle PS*,Flash HS5,Enhanced Battery*,Projection Fuse,Field Prep*,Masterwork Upgrade*,,,,,,,
Breakneck,324382200,"""6917529084758499571""",,Legendary,Auto Rifle,gambit,620,Kinetic,Range,10,Vault,false,false,2,5,,4.2,187,80,44,29,77,60,450,33,40,43,0,0,0,,Precision Frame*,Polygonal Rifling*,Extended Mag*,Rampage*,Onslaught*,Gambit Duds*,Masterwork*,Tracker Disabled,Kill Tracker*,Crucible Tracker,,,,
Sol Pariah 6,3991544422,"""6917529085790541334""",,Legendary,Submachine Gun,mercury,617,Arc,,,Vault,false,false,1,2,,5,2,89,50,15,38,58,900,50,37,70,0,0,0,,Lightweight Frame*,Arrowhead Brake*,Chambered Compensator,Smallbore,Flared Magwell*,Phase Magazine,Ricochet Rounds,Grave Robber*,Masterwork Upgrade*,,,,,
Erentil FR4,3027844941,"""6917529088883109599""",,Legendary,Fusion Rifle,gunsmith,599,Void,Range,1,Vault,false,false,2,4,,5,97,60,65,100,68,30,0,28,5,22,900,0,0,,High-Impact Frame*,Transmission MS7*,Jolt PS,Liquid Coils*,Projection Fuse,Firmly Planted*,High-Impact Reserves*,Tier 1 Weapon*,,,,,,
Zenobia-D,3776129137,"""6917529080339858659""",,Legendary,Rocket Launcher,gunsmith,600,Arc,Blast Radius,4,Vault,false,false,2,4,,4.7,24,45,61,0,0,65,15,28,1,45,0,0,0,,Häkke Precision Frame*,Linear Compensator*,Quick Launch,Implosion Rounds*,Impact Casing,Snapshot Sights*,Cluster Bomb*,Tier 4 Weapon*,,,,,,
Breath of the Dragon,1357080535,"""6917529086110837638""",,Legendary,Submachine Gun,ironbanner,625,Arc,Handling,2,Vault,false,false,2,4,,5,8,93,50,15,36,47,900,33,36,77,0,0,0,,Lightweight Frame*,Arrowhead Brake*,Chambered Compensator,High-Caliber Rounds*,Flared Magwell,Zen Moment*,High-Impact Reserves*,Tier 2 Weapon*,,,,,,
Badlander,1327264046,"""6917529088930301032""",,Legendary,Shotgun,,650,Arc,Handling,2,Vault,false,false,2,4,,5,19,70,66,65,43,44,140,66,8,40,0,0,0,,Rapid-Fire Frame*,Rifled Barrel*,Full Choke,Appended Mag*,Steady Rounds,Moving Target*,Auto-Loading Holster*,Distant Earth*,Tier 2 Weapon*,,,,,
Distant Relation,2034817450,"""6917529096214902178""",,Legendary,Scout Rifle,gambit,662,Solar,Stability,3,Vault,false,false,2,4,,4.8,17,58,61,62,60,48,180,72,16,42,0,0,0,,Precision Frame*,Full Bore*,Smallbore,Drop Mag*,Appended Mag,Triple Tap*,Opening Shot*,Gambit Leather*,Tier 3 Weapon*,Next of Kin,,,,
Through Fire and Flood,301362381,"""6917529085776651240""",,Legendary,Grenade Launcher,,610,Arc,Velocity,3,Vault,false,false,2,4,,3.8,11,77,69,0,0,56,120,45,6,47,0,0,0,,Adaptive Frame*,Volatile Launch*,Confined Launch,Thermoplastic Grenades*,Alloy Casing,Rangefinder*,Rampage*,Distant Earth*,Tier 3 Weapon*,,,,,
Avalanche,66875353,"""6917529085618568724""",,Legendary,Machine Gun,,616,Solar,Reload Speed,3,Vault,false,false,2,5,The Dawning,3.9,23,70,90,41,68,46,450,62,66,31,0,0,0,,Adaptive Frame*,SPO-57 Front*,SPO-28 Front,Appended Mag*,Light Mag,Dynamic Sway Reduction*,Rampage*,Tier 3 Weapon*,,,,,,
Zenobia-D,3776129137,"""6917529088886069959""",,Legendary,Rocket Launcher,gunsmith,589,Arc,Handling,1,Vault,false,false,2,4,,4.7,20,45,61,0,0,38,15,55,1,42,0,0,0,,Häkke Precision Frame*,Volatile Launch*,Confined Launch,Alloy Casing*,Impact Casing,Snapshot Sights*,Ambitious Assassin*,Tier 1 Weapon*,,,,,,
Zenobia-D,3776129137,"""6917529086209060235""",,Legendary,Rocket Launcher,gunsmith,622,Arc,Blast Radius,5,Vault,false,false,2,4,,4.8,16,45,61,0,0,29,15,28,1,45,0,0,0,,Häkke Precision Frame*,Hard Launch*,Linear Compensator,Black Powder*,Impact Casing,Auto-Loading Holster*,Kill Clip*,Tier 5 Weapon*,,,,,,
Distant Relation,2034817450,"""6917529082675777883""",,Legendary,Scout Rifle,gambit,583,Solar,Stability,2,Vault,false,false,2,4,,5,15,58,61,62,47,56,180,45,18,55,0,0,0,,Precision Frame*,Arrowhead Brake*,Polygonal Rifling,Appended Mag*,Steady Rounds,Outlaw*,Opening Shot*,Gambit Leather*,Tier 2 Weapon*,Next of Kin,,,,
Ten Paces,2112909415,"""6917529096360695011""",,Legendary,Hand Cannon,,661,Kinetic,Reload Speed,3,Vault,false,false,2,4,,3.3,19,87,71,84,46,62,140,31,13,53,0,0,0,,Adaptive Frame*,SteadyHand HCS*,Crossfire HCS,Extended Mag*,Steady Rounds,Auto-Loading Holster*,Opening Shot*,Distant Earth*,Tier 3 Weapon*,,,,,
Ether Doctor,1839565992,"""6917529086805510152""",,Legendary,Auto Rifle,tangled,634,Kinetic,Reload Speed,1,Vault,false,false,2,4,,4.9,16,47,61,21,56,46,600,40,49,60,0,0,0,,Adaptive Frame*,Dusk Scope D2*,Dusk Dot D1,Extended Mag*,Appended Mag,Dynamic Sway Reduction*,Slideways*,Tangled Rust*,Tier 1 Weapon*,,,,,
Hazard of the Cast,1789347249,"""6917529085139576454""",,Legendary,Auto Rifle,gambit,614,Kinetic,Reload Speed,3,Vault,false,false,2,4,,4.7,23,69,44,29,81,47,450,51,33,41,0,0,0,,Precision Frame*,Extended Barrel*,Fluted Barrel,Armor-Piercing Rounds*,High-Caliber Rounds,Triple Tap*,Kill Clip*,Gambit Leather*,Tier 3 Weapon*,Loaded Dice,A Bad Run,,,
Nox Echo III,2502422774,"""6917529086101686932""",,Legendary,Fusion Rifle,titan,618,Arc,,,Vault,false,false,1,1,,N/A,N/A,63,62,75,42,48,0,38,6,45,700,0,0,,Adaptive Frame*,Cleanshot IS*,Hitmark IS,Red Dot 2 MOA,Liquid Coils*,Accelerated Coils,Hip-Fire Grip*,Masterwork Upgrade*,,,,,,
Crooked Fang-4fr,3419149443,"""6917529096665464956""",,Legendary,Linear Fusion Rifle,gunsmith,675,Void,Reload Speed,2,Vault,false,false,2,4,,4.7,8,65,61,41,34,41,0,37,6,50,533,0,0,,Precision Frame*,Fluted Barrel*,Polygonal Rifling,Enhanced Battery*,Particle Repeater,Snapshot Sights*,Rangefinder*,Tier 2 Weapon*,,,,,,
Abide the Return,1644160541,"""6917529085171423968""",,Legendary,Sword,dreaming,604,Solar,Impact,1,Vault,false,false,2,4,,4.4,10,0,0,62,46,0,0,0,64,0,0,0,0,,Adaptive Frame*,Hungry Edge*,Tempered Edge,Burst Guard*,Enduring Guard,Relentless Strikes*,Whirlwind Blade*,Burnished Dreams*,Tier 1 Weapon*,,,,,
Bad News XF4354,2824241403,"""6917529084604651486""",,Legendary,Hand Cannon,blackarmory,615,Kinetic,Reload Speed,6,Vault,false,false,2,5,,1.2,9,88,66,92,60,33,110,38,10,47,0,0,0,,Aggressive Frame*,Fastdraw HCS*,TrueSight HCS,Appended Mag*,Steady Rounds,Mulligan*,Hip-Fire Grip*,Refurbished Black Armory*,Tier 6 Weapon*,Tracker Disabled,Kill Tracker,Crucible Tracker*,,
Swarm of the Raven,1972985595,"""6917529086119853690""",,Legendary,Grenade Launcher,ironbanner,625,Void,Velocity,4,Vault,false,false,2,4,,5,69,63,27,0,0,29,150,38,5,22,0,0,0,,Aggressive Frame*,Volatile Launch*,Quick Launch,High-Velocity Rounds*,Mini Frags,Pulse Monitor*,Rampage*,Icarus Grip*,Tier 4 Weapon*,,,,,
Malfeasance,204878059,"""6917529082684818045""",,Exotic,Hand Cannon,,600,Kinetic,,,Vault,false,false,2,4,,3.6,128,98,50,78,50,96,180,64,14,32,0,0,0,,Explosive Shadow*,Corkscrew Rifling*,Extended Mag*,Taken Predator*,Heavy Grip*,Aim to Misbehave*,,,,,,,,
Kindled Orchid,2575506895,"""6917529084813274889""",,Legendary,Hand Cannon,blackarmory,650,Void,Range,10,Vault,false,false,2,5,,3.8,54,99,76,84,63,60,140,62,10,47,0,0,0,,Adaptive Frame*,Arrowhead Brake,Hammer-Forged Rifling*,Drop Mag,Flared Magwell*,Shield Disorient*,Disruption Break*,New Age Black Armory*,Major Spec*,Masterwork*,Tracker Disabled,Kill Tracker*,Crucible Tracker,Base Radiance*
Edge Transit,218335759,"""6917529086918957605""",,Legendary,Grenade Launcher,,633,Void,Velocity,4,Vault,false,false,2,4,,4.6,20,70,62,0,0,48,120,45,6,43,0,0,0,,Adaptive Frame*,Volatile Launch*,Smart Drift Control,Proximity Grenades*,High-Explosive Ordnance,Auto-Loading Holster*,Quickdraw*,Glacial Whisper*,Tier 4 Weapon*,,,,,
Battle Scar,1178397319,"""6917529086918955067""",,Legendary,Pulse Rifle,,630,Kinetic,,,Vault,false,false,1,3,,5,4,43,72,27,41,53,450,41,40,78,0,0,0,,Lightweight Frame*,IS 2 Classic*,Model 8 Red,Mark 10 Glass,Extended Mag*,Flared Magwell,Full Auto Trigger System*,Masterwork Upgrade*,,,,,,
Trust,4077196130,"""6917529081899261284""",,Legendary,Hand Cannon,gambit,600,Solar,Range,10,Vault,false,false,2,4,,4.9,46,96,78,78,63,67,180,64,12,42,0,0,0,,Precision Frame*,Smallbore*,Light Mag*,Genesis*,Explosive Payload*,Gambit Chrome*,Backup Mag*,Masterwork*,Credence*,Blind Faith,Tracker Disabled,Kill Tracker*,Crucible Tracker,
Complex Solution,287042893,"""6917529085784298584""",,Legendary,Sword,edz,615,Void,,,Vault,false,false,1,1,,N/A,N/A,0,0,64,46,0,0,0,63,0,0,0,0,,Adaptive Frame*,Tempered Edge*,Hungry Edge,Enduring Guard*,Balanced Guard,Tireless Blade*,Masterwork Upgrade*,,,,,,,
The Conqueror 2,3991544423,"""6917529085790541541""",,Legendary,Submachine Gun,mercury,617,Kinetic,,,Vault,false,false,1,2,,5,11,94,50,20,51,66,900,60,34,56,0,0,0,,Adaptive Frame*,Hammer-Forged Rifling*,Polygonal Rifling,Fluted Barrel,Steady Rounds*,Extended Mag,Tactical Mag,Kill Clip*,Masterwork Upgrade*,,,,,
Does Not Compute,2278995296,"""6917529086575655193""",,Legendary,Scout Rifle,crucible,650,Kinetic,Handling,5,Vault,false,false,2,5,,4,10,80,39,67,69,24,150,43,14,37,0,0,0,,High-Impact Frame*,Rifle Scope SSF*,Cleanshot IS,Appended Mag*,Flared Magwell,Zen Moment*,Opening Shot*,Crucible Legacy*,Tier 5 Weapon*,,,,,
Misfit,819441402,"""6917529085124260770""",,Legendary,Auto Rifle,,596,Arc,Reload Speed,3,Vault,false,false,2,4,,4.6,24,54,76,18,38,58,720,38,60,54,0,0,0,,Rapid-Fire Frame*,Dusk Sight D1*,Wolf Dot W2,Extended Mag*,Armor-Piercing Rounds,Zen Moment*,High-Impact Reserves*,Glacial Whisper*,Minor Spec*,Tier 3 Weapon*,,,,
Wrong Side of Right,3957603605,"""6917529081193933645""",,Legendary,Scout Rifle,tangled,594,Kinetic,Stability,2,Vault,false,false,2,4,,5,9,70,39,67,72,30,150,32,15,19,0,0,0,,High-Impact Frame*,Wolf Dot W2*,King Dot K2,Appended Mag*,Flared Magwell,Outlaw*,Rampage*,Tangled Rust*,Tier 2 Weapon*,,,,,
Swift Ride,1513927136,"""6917529085782086177""",,Legendary,Pulse Rifle,titan,617,Arc,,,Vault,false,false,1,1,,5,2,70,65,29,62,61,390,46,38,50,0,0,0,,Adaptive Frame*,SPO-28 Front*,SRO-41 Ocular,SRO-52 Ocular,Accurized Rounds*,Tactical Mag,Headseeker*,Masterwork Upgrade*,,,,,,
Widow's Bite,3312073055,"""6917529085790537152""",,Legendary,Sniper Rifle,io,617,Void,,,Vault,false,false,1,1,,5,3,60,69,55,32,55,140,60,5,78,0,0,0,,Rapid-Fire Frame*,Arrowhead Brake*,Corkscrew Rifling,Steady Rounds*,Alloy Magazine,Firmly Planted*,Masterwork Upgrade*,,,,,,,
Vacuna SR4,1159252500,"""6917529085790532844""",,Legendary,Scout Rifle,mars,617,Solar,Reload Speed,10,Vault,false,false,1,3,,N/A,N/A,60,73,60,50,40,200,70,15,76,0,0,0,,Lightweight Frame*,Spark PS*,Flash HS5,Impulse MS3,Armor-Piercing Rounds*,Appended Mag,Dragonfly*,Masterwork Weapon*,,,,,,
Night Watch,3504336176,"""6917529096667626200""",,Legendary,Scout Rifle,gambitprime,698,Kinetic,Reload Speed,4,Vault,false,false,2,6,,3.7,38,57,69,60,52,42,200,48,19,68,0,0,0,,Lightweight Frame*,Fluted Barrel,Hammer-Forged Rifling*,Drop Mag,Extended Mag*,Snapshot Sights*,Rampage*,Tier 4 Weapon*,,,,,,
Wishbringer,3356526253,"""6917529097394116445""",,Legendary,Shotgun,crucible,723,Solar,Reload Speed,1,Vault,false,false,2,5,,1.1,28,43,68,65,50,42,140,63,7,39,0,0,0,,Rapid-Fire Frame*,Smoothbore*,Corkscrew Rifling,Tactical Mag*,Accurized Rounds,Pulse Monitor*,Opening Shot*,Crucible Legacy*,Tier 1 Weapon*,,,,,
Wishbringer,3356526253,"""6917529097034694653""",,Legendary,Shotgun,crucible,708,Solar,Range,2,Vault,false,false,2,5,,3.8,26,43,68,65,39,47,140,53,7,48,0,0,0,,Rapid-Fire Frame*,Barrel Shroud*,Full Choke,Appended Mag*,Light Mag,Hip-Fire Grip*,Rampage*,Crucible Legacy*,Tier 2 Weapon*,,,,,
Better Devils,153979397,"""6917529088666844431""",,Legendary,Hand Cannon,crucible,597,Kinetic,Range,5,Vault,false,false,2,4,,3.2,48,88,75,84,50,57,140,55,11,60,0,0,0,,Adaptive Frame*,Fastdraw HCS*,TrueSight HCS,Crossfire HCS,Tactical Mag*,Steady Rounds,Outlaw*,Opening Shot*,Crucible Legacy*,Tier 5 Weapon*,,,,
Garden Progeny 1,472169727,"""6917529085787700398""",,Legendary,Scout Rifle,mercury,617,Kinetic,,,Vault,false,false,1,2,,5,8,73,38,67,79,38,150,50,15,26,0,0,0,,High-Impact Frame*,Extended Barrel*,Polygonal Rifling,Arrowhead Brake,Tactical Mag*,Steady Rounds,Armor-Piercing Rounds,Outlaw*,Masterwork Upgrade*,,,,,
Show of Force,3312073054,"""6917529085790539245""",,Legendary,Sniper Rifle,edz,617,Arc,,,Vault,false,false,1,1,,N/A,N/A,78,41,90,91,31,72,36,3,24,0,0,0,,Aggressive Frame*,ATB Long Range*,ATA Scout,High-Caliber Rounds*,Tactical Mag,Outlaw*,Masterwork Upgrade*,,,,,,,
Fate Cries Foul,1684914716,"""6917529097206316904""",,Legendary,Sniper Rifle,crucible,712,Void,Stability,3,Vault,false,false,2,4,,3.2,57,48,60,70,61,50,90,44,5,38,0,0,0,,Adaptive Frame*,Zoom 30 Focus*,Zoom 10 Point,Appended Mag*,Flared Magwell,Rapid Hit*,Dragonfly*,Crucible Legacy*,Tier 3 Weapon*,,,,,
Jack Queen King 3,3285365666,"""6917529085787697053""",,Legendary,Hand Cannon,mercury,617,Arc,Magazine,10,Vault,false,false,1,2,,5,4,100,91,80,59,42,150,63,14,73,0,0,0,,Lightweight Frame*,Fastdraw HCS,TrueSight HCS,HitMark HCS*,Ricochet Rounds,Tactical Mag,Accurized Rounds*,Pulse Monitor*,Masterwork Weapon*,,,,,
Traveler's Judgment 5,2091737595,"""6917529085790536248""",,Legendary,Sidearm,mercury,617,Arc,,,Vault,false,false,1,2,,5,1,89,70,75,54,84,491,40,30,56,0,0,0,,Adaptive Frame*,Tactic SAS*,Target SAS,FarPoint SAS,Armor-Piercing Rounds*,Accurized Rounds,Steady Rounds,Headseeker*,Masterwork Upgrade*,,,,,
Tarantula,2502422775,"""6917529085790541320""",,Legendary,Linear Fusion Rifle,io,617,Arc,,,Vault,false,false,1,1,,5,4,65,58,41,68,52,0,31,6,32,533,0,0,,Precision Frame*,Hammer-Forged Rifling*,Smallbore,Corkscrew Rifling,Particle Repeater*,Projection Fuse,Snapshot Sights*,Masterwork Upgrade*,,,,,,
Claws of the Wolf,1280933460,"""6917529082376444306""",,Legendary,Pulse Rifle,ironbanner,600,Void,Range,4,Vault,false,false,2,4,,4.9,20,53,78,23,44,59,540,48,34,29,0,0,0,,Rapid-Fire Frame*,Hammer-Forged Rifling,Polygonal Rifling*,Ricochet Rounds,Flared Magwell*,Threat Detector*,Full Auto Trigger System*,Vibrant Beach*,Targeting Adjuster*,Tier 4 Weapon*,,,,
Call to Serve,1885753222,"""6917529085779057654""",,Legendary,Scout Rifle,edz,617,Kinetic,,,Vault,false,false,1,1,,5,3,66,58,62,47,46,180,32,18,60,0,0,0,,Precision Frame*,IS 5 Circle*,Model 8 Red,Mark 15 Lens,Extended Mag*,Appended Mag,Triple Tap*,Masterwork Upgrade*,,,,,,
Thin Line,1178886909,"""6917529086978625342""",,Legendary,Hand Cannon,tangled,650,Void,Handling,2,Vault,false,false,2,4,,4.4,10,88,60,92,68,43,110,29,9,41,0,0,0,,Aggressive Frame*,SteadyHand HCS*,Sureshot HCS,Ricochet Rounds*,Flared Magwell,Triple Tap*,Opening Shot*,Tangled Rust*,Tier 2 Weapon*,,,,,
Seven-Six-Five,1885753220,"""6917529085790540858""",,Legendary,Scout Rifle,nessus,617,Solar,,,Vault,false,false,1,1,,5,1,49,70,60,60,42,200,61,16,61,0,0,0,,Lightweight Frame*,Torch HS3*,Jolt PS,Accurized Rounds*,Armor-Piercing Rounds,Full Auto Trigger System*,Masterwork Upgrade*,,,,,,,
Maestro-46,2295941921,"""6917529085790540939""",,Legendary,Sniper Rifle,mercury,617,Void,,,Vault,false,false,1,2,,N/A,N/A,60,43,90,97,25,72,37,3,24,0,0,0,,Aggressive Frame*,SSO-05 Sniper*,SSO-07 Sniper,SSO-08 Sniper,Accurized Rounds*,Extended Mag,Alloy Magazine,Triple Tap*,Masterwork Upgrade*,,,,,
Bite of the Fox,3169616514,"""6917529082015853385""",,Legendary,Sniper Rifle,ironbanner,650,Kinetic,Stability,4,Vault,false,false,2,4,,4.9,48,68,41,90,68,54,72,32,4,32,0,0,0,,Aggressive Frame*,Full Bore,Polygonal Rifling*,Drop Mag,Steady Rounds*,Firmly Planted*,Opening Shot*,SUROS Modular Shine*,Backup Mag*,Tier 4 Weapon*,,,,
Twilight Oath,3297863558,"""6917529081893856356""",,Legendary,Sniper Rifle,dreaming,578,Solar,Stability,1,Vault,false,false,2,4,,4,36,59,70,55,43,48,140,71,7,60,0,0,0,,Rapid-Fire Frame*,Extended Barrel*,Polygonal Rifling,Drop Mag,Tactical Mag*,Ambitious Assassin*,Outlaw*,Blueshift Dreams*,Tier 1 Weapon*,,,,,
Sleepless,3740842661,"""6917529096351557523""",,Legendary,Rocket Launcher,dreaming,681,Arc,Reload Speed,2,Vault,false,false,2,4,,5,9,58,72,0,0,58,15,68,1,69,0,0,0,,High-Impact Frame*,Linear Compensator*,Smart Drift Control,Alloy Casing*,Impact Casing,Snapshot Sights*,Moving Target*,Burnished Dreams*,Tier 2 Weapon*,,,,,
Last Perdition,188882152,"""6917529096007973373""",,Legendary,Pulse Rifle,crucible,659,Void,Reload Speed,2,Vault,false,false,2,6,,5,32,63,60,29,59,63,390,50,44,40,0,0,0,,Adaptive Frame*,SPO-57 Front*,SPO-28 Front,Appended Mag*,Steady Rounds,Rangefinder*,High-Impact Reserves*,Crucible Legacy*,Tier 2 Weapon*,,,,,
Right Side of Wrong,3376406418,"""6917529097094496100""",,Legendary,Pulse Rifle,tangled,679,Solar,Stability,2,Vault,false,false,2,4,,4.9,26,60,49,35,63,79,450,44,40,40,0,0,0,,Aggressive Burst*,Dusk Sight D1*,Dusk Dot D1,Steady Rounds*,Flared Magwell,Zen Moment*,Rampage*,Tangled Rust*,Tier 2 Weapon*,,,,,
Gunnora's Axe,2326716489,"""6917529097281031851""",,Legendary,Shotgun,ironbanner,692,Arc,Range,1,Vault,false,false,2,7,,4.4,46,51,34,70,85,45,65,53,7,64,0,0,0,,Precision Frame*,Full Bore*,Polygonal Rifling,Appended Mag*,Extended Mag,Pulse Monitor*,Opening Shot*,Tier 1 Weapon*,,,,,,
Better Devils,153979397,"""6917529079050527055""",,Legendary,Hand Cannon,crucible,629,Kinetic,Range,10,Vault,true,false,2,4,,3.7,55,88,75,84,73,39,140,46,10,37,0,0,0,,Adaptive Frame*,Fastdraw HCS,SteadyHand HCS,Sureshot HCS*,Accurized Rounds*,Extended Mag,Snapshot Sights*,Timed Payload*,Precursor Vex Chrome*,Targeting Adjuster*,Masterwork*,Tracker Disabled,Kill Tracker*,Crucible Tracker
Better Devils,153979397,"""6917529089088458949""",,Legendary,Hand Cannon,crucible,650,Kinetic,Reload Speed,4,Vault,false,false,2,4,,3.2,42,88,75,84,46,61,140,59,11,55,0,0,0,,Adaptive Frame*,SteadyHand HCS*,TrueSight HCS,Crossfire HCS,Tactical Mag*,Flared Magwell,Rangefinder*,Zen Moment*,Crucible Legacy*,Tier 4 Weapon*,,,,
The Hero's Burden,1865351684,"""6917529086119861015""",,Legendary,Submachine Gun,ironbanner,625,Void,Stability,4,Vault,false,false,2,5,,5,21,93,51,20,64,50,900,58,33,68,0,0,0,,Adaptive Frame*,SPO-28 Front*,SPO-26 Front,High-Caliber Rounds*,Light Mag,Slideways*,Dynamic Sway Reduction*,Tier 4 Weapon*,,,,,,
Retold Tale,346136302,"""6917529086752392964""",,Legendary,Shotgun,dreaming,650,Void,Stability,3,Vault,false,false,2,4,,4.9,21,64,75,70,64,67,65,47,6,41,0,0,0,,Precision Frame*,Smallbore,Full Choke*,Extended Mag,Steady Rounds*,Threat Detector*,Full Auto Trigger System*,Vibrant Beach*,Tier 3 Weapon*,,,,,
Acantha-D XK8434,1757129747,"""6917529086134891659""",,Legendary,Grenade Launcher,blackarmory,630,Arc,Reload Speed,2,Vault,false,false,2,5,,5,10,80,25,0,0,28,150,20,7,26,0,0,0,,Aggressive Frame*,Volatile Launch*,Linear Compensator,Augmented Drum*,High-Velocity Rounds,Rangefinder*,Genesis*,Refurbished Black Armory*,Tier 2 Weapon*,,,,,
Wishbringer,3356526253,"""6917529088280987895""",,Legendary,Shotgun,crucible,650,Solar,Stability,1,Vault,false,false,2,5,,1,26,43,68,65,37,43,140,62,7,39,0,0,0,,Rapid-Fire Frame*,Smallbore,Full Choke*,Tactical Mag*,Extended Mag,Slideshot*,Opening Shot*,Crucible Legacy*,Tier 1 Weapon*,,,,,
Go Figure,4138174248,"""6917529097208951431""",,Legendary,Pulse Rifle,,686,Kinetic,Range,1,Vault,false,false,2,4,,4.5,64,69,40,35,73,61,450,40,48,44,0,0,0,,Aggressive Burst*,King Sight K1*,Dusk Sight D1,Appended Mag*,Flared Magwell,Firmly Planted*,Full Auto Trigger System*,Distant Earth*,Tier 1 Weapon*,,,,,
Edge Transit,218335759,"""6917529097094500251""",,Legendary,Grenade Launcher,,679,Void,Handling,1,Vault,false,false,2,4,,4.7,25,70,62,0,0,66,120,45,6,58,0,0,0,,Adaptive Frame*,Countermass*,Quick Launch,Spike Grenades*,Alloy Casing,Threat Detector*,Genesis*,Glacial Whisper*,Icarus Grip*,Tier 1 Weapon*,,,,
Through Fire and Flood,301362381,"""6917529086095570125""",,Legendary,Grenade Launcher,,622,Arc,Velocity,1,Vault,false,false,2,4,,4.6,8,77,69,0,0,60,120,45,6,51,0,0,0,,Adaptive Frame*,Linear Compensator*,Quick Launch,Thermoplastic Grenades*,Augmented Drum,Threat Detector*,Ambitious Assassin*,Glacial Whisper*,Tier 1 Weapon*,,,,,
Ace of Spades,347366834,"""6917529080149442262""",,Exotic,Hand Cannon,,650,Kinetic,,,Vault,true,false,2,4,,4.4,262,100,70,84,86,55,140,48,13,55,0,0,0,,Memento Mori*,Corkscrew Rifling*,High-Caliber Rounds*,Firefly*,Smooth Grip*,Salute to the Colonel*,,,,,,,,
Breath of the Dragon,1357080535,"""6917529097605789273""",,Legendary,Submachine Gun,ironbanner,722,Arc,Reload Speed,1,Vault,false,false,2,4,,5,5,93,50,15,36,51,900,16,40,70,0,0,0,,Lightweight Frame*,Corkscrew Rifling*,Extended Barrel,Extended Mag*,Ricochet Rounds,Grave Robber*,Tap the Trigger*,Tier 1 Weapon*,,,,,,
Steel Sybil Z-14,4230993599,"""6917529085787698715""",,Legendary,Sword,crucible,639,Void,Impact,1,Vault,false,false,2,4,,4.8,13,0,0,62,46,0,0,0,63,0,0,0,0,,Adaptive Frame*,Hungry Edge*,Enduring Blade,Honed Edge,Burst Guard*,Enduring Guard,Relentless Strikes*,Assassin's Blade*,Crucible Legacy*,Tier 1 Weapon*,,,,
Swarm of the Raven,1972985595,"""6917529097608218978""",,Legendary,Grenade Launcher,ironbanner,722,Void,Reload Speed,3,Vault,false,false,2,4,,5,67,63,27,0,0,42,150,32,4,26,0,0,0,,Aggressive Frame*,Confined Launch*,Quick Launch,High-Explosive Ordnance*,Mini Frags,Auto-Loading Holster*,Ambitious Assassin*,Major Spec*,Tier 3 Weapon*,,,,,
Quickfang,1180270692,"""6917529084755449994""",,Legendary,Sword,,600,Void,Magazine,10,Vault,false,false,1,1,,2.7,11,0,0,46,28,0,0,0,62,0,0,0,0,,Lightweight Frame*,Jagged Edge*,Honed Edge,Tempered Edge,Swordmaster's Guard*,En Garde*,Masterwork Weapon*,,,,,,,
Pribina-D,4211534763,"""6917529088879847571""",,Legendary,Hand Cannon,gunsmith,599,Kinetic,Reload Speed,3,Vault,false,false,2,4,,4.6,10,80,63,92,60,24,110,65,7,39,0,0,0,,Aggressive Frame*,Fastdraw HCS*,SteadyHand HCS,Drop Mag*,Steady Rounds,Triple Tap*,Zen Moment*,Tier 3 Weapon*,,,,,,
Zenobia-D,3776129137,"""6917529096812814515""",,Legendary,Rocket Launcher,gunsmith,704,Arc,Handling,1,Vault,false,false,2,4,,4.8,20,45,61,0,0,60,15,28,1,42,0,0,0,,Häkke Precision Frame*,Volatile Launch*,Smart Drift Control,Implosion Rounds*,Impact Casing,Field Prep*,Quickdraw*,Tier 1 Weapon*,,,,,,
Steel Sybil Z-14,4230993599,"""6917529096002062691""",,Legendary,Sword,crucible,628,Void,Impact,2,Vault,false,false,2,4,,4.8,15,0,0,63,46,0,0,0,63,0,0,0,0,,Adaptive Frame*,Hungry Edge*,Honed Edge,Jagged Edge,Heavy Guard*,Swordmaster's Guard,Relentless Strikes*,En Garde*,Crucible Legacy*,Tier 2 Weapon*,,,,
Edge Transit,218335759,"""6917529085607043136""",,Legendary,Grenade Launcher,,641,Void,Blast Radius,1,Vault,false,false,2,4,,4.7,29,70,62,0,0,52,120,45,6,48,0,0,0,,Adaptive Frame*,Linear Compensator*,Smart Drift Control,Proximity Grenades*,Spike Grenades,Auto-Loading Holster*,Quickdraw*,Glacial Whisper*,Tier 1 Weapon*,,,,,
The Hero's Burden,1865351684,"""6917529086280453272""",,Legendary,Submachine Gun,ironbanner,624,Void,Reload Speed,1,Vault,false,false,2,5,,5,25,93,51,20,57,46,900,59,33,74,0,0,0,,Adaptive Frame*,SLO-21 Post*,SPO-26 Front,High-Caliber Rounds*,Light Mag,Slideways*,Kill Clip*,Tier 1 Weapon*,,,,,,
Blast Furnace,3843477312,"""6917529086743459409""",,Legendary,Pulse Rifle,blackarmory,650,Kinetic,Range,7,Vault,false,false,2,5,,4.6,143,65,42,35,99,72,450,51,43,25,0,0,0,,Aggressive Burst*,Meyrin RDL,Satou Precision Lens*,Appended Mag,Tactical Mag*,Snapshot Sights*,Rampage*,New Age Black Armory*,Rampage Spec*,Tier 7 Weapon*,Tracker Disabled*,Kill Tracker,Crucible Tracker,Base Radiance*
Orewing's Maul,2108920981,"""6917529097327213495""",,Legendary,Grenade Launcher,ironbanner,694,Void,Blast Radius,2,Vault,false,false,2,6,,4.3,33,80,73,0,0,22,90,83,1,69,0,0,0,,Lightweight Frame*,Confined Launch,Hard Launch*,Smart Drift Control,High-Velocity Rounds*,Concussion Grenades,Quickdraw*,Demolitionist*,Tier 2 Weapon*,,,,,
Distant Relation,2034817450,"""6917529096629544750""",,Legendary,Scout Rifle,gambit,698,Solar,Handling,1,Vault,false,false,2,4,,4.8,13,58,61,62,47,54,180,72,16,56,0,0,0,,Precision Frame*,Arrowhead Brake*,Polygonal Rifling,Drop Mag*,Extended Mag,Full Auto Trigger System*,Ambitious Assassin*,Gambit Leather*,Tier 1 Weapon*,Next of Kin,,,,
Edge Transit,218335759,"""6917529096005074685""",,Legendary,Grenade Launcher,,636,Void,Velocity,1,Vault,false,false,2,4,,4.7,23,70,62,0,0,39,120,45,6,48,0,0,0,,Adaptive Frame*,Hard Launch*,Smart Drift Control,Proximity Grenades*,High-Explosive Ordnance,Field Prep*,Rampage*,Glacial Whisper*,Tier 1 Weapon*,,,,,
Chattering Bone,568515759,"""6917529086274905850""",,Legendary,Pulse Rifle,lastwish,650,Kinetic,Range,10,Vault,false,false,2,4,,5,28,57,71,27,58,61,450,76,33,78,0,0,0,,Lightweight Frame*,Corkscrew Rifling*,Light Mag*,Kill Clip*,High-Impact Reserves*,Dreaming Spectrum*,Masterwork*,Tracker Disabled,Kill Tracker*,Crucible Tracker,,,,
The Ringing Nail,93253474,"""6917529086212247168""",,Legendary,Auto Rifle,blackarmory,650,Solar,Range,2,Vault,false,false,2,5,,5,25,69,37,29,83,51,450,52,32,45,0,0,0,,Precision Frame*,Meyrin RDS,Satou Precision Lens*,Appended Mag,Armor-Piercing Rounds*,Under Pressure*,Mulligan*,Rasmussen Clan*,Tier 2 Weapon*,Base Radiance*,,,,
Better Devils,153979397,"""6917529087053057751""",,Legendary,Hand Cannon,crucible,650,Kinetic,Range,3,Vault,false,false,2,4,,4.2,49,88,75,84,49,52,140,46,12,60,0,0,0,,Adaptive Frame*,Fastdraw HCS*,TrueSight HCS,Sureshot HCS,Appended Mag*,Extended Mag,Threat Detector*,Kill Clip*,Crucible Legacy*,Tier 3 Weapon*,,,,
Shining Sphere,136525518,"""6917529097608216739""",,Legendary,Rocket Launcher,ironbanner,702,Arc,Blast Radius,1,Vault,false,false,2,7,,1,13,60,58,0,0,50,20,45,1,45,0,0,0,,Adaptive Frame*,Hard Launch*,Smart Drift Control,Implosion Rounds*,Impact Casing,Rangefinder*,Ambitious Assassin*,Tier 1 Weapon*,,,,,,
The Hero's Burden,1865351684,"""6917529097391689121""",,Legendary,Submachine Gun,ironbanner,700,Void,Reload Speed,2,Vault,false,false,2,5,,5,19,93,51,20,63,46,900,60,36,59,0,0,0,,Adaptive Frame*,SPO-57 Front*,SPO-26 Front,Appended Mag*,High-Caliber Rounds,Moving Target*,Tap the Trigger*,Tier 2 Weapon*,,,,,,
Crooked Fang-4fr,3419149443,"""6917529088272241905""",,Legendary,Linear Fusion Rifle,gunsmith,634,Void,Stability,1,Vault,false,false,2,4,,4.8,11,65,61,41,34,37,0,17,7,45,533,0,0,,Precision Frame*,Arrowhead Brake*,Hammer-Forged Rifling,Ionized Battery*,Liquid Coils,Moving Target*,Box Breathing*,Tier 1 Weapon*,,,,,,
Hoosegow,417474224,"""6917529088272240771""",,Legendary,Rocket Launcher,titan,635,Arc,,,Vault,false,false,1,1,,N/A,N/A,80,63,0,0,29,20,50,1,44,0,0,0,,Adaptive Frame*,Hard Launch*,Quick Launch,Smart Drift Control,Black Powder*,Alloy Casing,Snapshot Sights*,Masterwork Upgrade*,,,,,,
Bygones,2712244741,"""6917529081087007856""",,Legendary,Pulse Rifle,gambit,694,Kinetic,Stability,1,Vault,true,false,2,4,,5,104,69,61,29,58,60,390,51,38,60,0,0,0,,Adaptive Frame*,Arrowhead Brake*,Corkscrew Rifling,Extended Mag,High-Caliber Rounds*,Kill Clip*,Full Auto Trigger System*,Tier 1 Weapon*,,,,,,
The Cut and Run,3501969491,"""6917529096212040672""",,Legendary,Scout Rifle,,681,Arc,Stability,2,Vault,false,false,2,4,,1,9,80,37,67,70,38,150,19,16,43,0,0,0,,High-Impact Frame*,Wolf Sight W1*,Dusk Sight D1,Extended Mag*,Appended Mag,Full Auto Trigger System*,Dragonfly*,Glacial Whisper*,Tier 2 Weapon*,,,,,
The Cut and Run,3501969491,"""6917529086179635684""",,Legendary,Scout Rifle,,629,Arc,Range,3,Vault,false,false,2,4,,4.2,9,80,37,67,74,36,150,37,13,42,0,0,0,,High-Impact Frame*,Dusk Sight D1*,Dusk Dot D1,Alloy Magazine*,Light Mag,Auto-Loading Holster*,Rampage*,Glacial Whisper*,Tier 3 Weapon*,,,,,
Distant Relation,2034817450,"""6917529096002063597""",,Legendary,Scout Rifle,gambit,661,Solar,Stability,3,Vault,false,false,2,4,,4.6,11,58,61,62,69,48,180,45,16,42,0,0,0,,Precision Frame*,Full Bore*,Polygonal Rifling,Accurized Rounds*,Appended Mag,Auto-Loading Holster*,Moving Target*,Gambit Leather*,Tier 3 Weapon*,Next of Kin,,,,
Nightshade,339163900,"""6917529082642603771""",,Legendary,Pulse Rifle,strikes,464,Kinetic,,,Vault,false,false,1,1,,5,5,56,68,27,48,63,450,71,33,76,0,0,0,,Lightweight Frame*,Red Dot Micro*,Red Dot 2 MOA,Rifle Scope ST,Tactical Mag*,Armor-Piercing Rounds,Kill Clip*,Masterwork Upgrade*,,,,,,
Toil and Trouble,2957367743,"""6917529088266582265""",,Legendary,Shotgun,strikes,650,Kinetic,Stability,3,Vault,false,false,2,4,,5,10,59,30,80,37,50,55,50,6,37,0,0,0,,Aggressive Frame*,Smallbore*,Corkscrew Rifling,Assault Mag,Tactical Mag*,Full Auto Trigger System*,Moving Target*,Vanguard Veteran*,Tier 3 Weapon*,,,,,
Wrong Side of Right,3957603605,"""6917529096631976784""",,Legendary,Scout Rifle,tangled,697,Kinetic,Stability,2,Vault,false,false,2,4,,4.5,10,70,39,67,68,43,150,32,13,37,0,0,0,,High-Impact Frame*,Devil Scope D2*,Wolf Sight W1,Steady Rounds*,Flared Magwell,Opening Shot*,Firmly Planted*,Tangled Rust*,Tier 2 Weapon*,,,,,
Elegy-49,1873270090,"""6917529082015857129""",,Legendary,Sniper Rifle,gunsmith,581,Void,Handling,4,Vault,false,false,2,4,,5,10,60,60,70,68,46,90,46,4,42,0,0,0,,Adaptive Frame*,SSO-05 Sniper*,SSO-07 Sniper,Accurized Rounds*,Flared Magwell,Genesis*,Triple Tap*,Tier 4 Weapon*,,,,,,
Steel Sybil Z-14,4230993599,"""6917529097044210019""",,Legendary,Sword,crucible,708,Void,Impact,3,Vault,false,false,2,4,,4.8,14,0,0,64,46,0,0,0,63,0,0,0,0,,Adaptive Frame*,Hungry Edge*,Enduring Blade,Honed Edge,Burst Guard*,Enduring Guard,Relentless Strikes*,En Garde*,Crucible Legacy*,Tier 3 Weapon*,,,,
Play of the Game,195440257,"""6917529097625249745""",,Legendary,Grenade Launcher,crucible,705,Arc,Handling,1,Vault,false,false,2,4,,3.1,37,70,65,0,0,42,120,51,6,41,0,0,0,,Adaptive Frame*,Hard Launch*,Quick Launch,Smart Drift Control,Thermoplastic Grenades*,Spike Grenades,Auto-Loading Holster*,Quickdraw*,Crucible Legacy*,Tier 1 Weapon*,,,,
Dead Man Walking XX7463,3751622019,"""6917529088278127176""",,Legendary,Sidearm,blackarmory,633,Solar,Handling,2,Vault,false,false,2,5,,5,6,98,56,35,33,60,450,68,15,56,0,0,0,,SUROS Rapid-Fire*,Tactic SAS*,Target SAS,Drop Mag*,Extended Mag,Moving Target*,Zen Moment*,Refurbished Black Armory*,Tier 2 Weapon*,,,,,
Smuggler's Word,1843044399,"""6917529096815115144""",,Legendary,Sidearm,,672,Kinetic,Range,5,Vault,false,false,2,4,,3.8,29,96,82,56,60,51,325,12,31,51,0,0,0,,Aggressive Burst*,Control SAS*,FarPoint SAS,Extended Mag*,Appended Mag,Full Auto Trigger System*,Kill Clip*,Glacial Whisper*,Tier 5 Weapon*,,,,,
Crimil's Dagger,4292849692,"""6917529097447594760""",,Legendary,Hand Cannon,ironbanner,693,Kinetic,Reload Speed,3,Vault,false,false,2,5,,5,18,98,67,92,73,35,110,34,8,44,0,0,0,,Aggressive Frame*,Fastdraw HCS*,HitMark HCS,Accurized Rounds*,Flared Magwell,Rangefinder*,Field Prep*,Tier 3 Weapon*,,,,,,
Trust,4077196130,"""6917529096208805317""",,Legendary,Hand Cannon,gambit,657,Solar,Range,2,Vault,false,false,2,4,,4.6,71,96,78,78,45,69,180,82,9,37,0,0,0,,Precision Frame*,Chambered Compensator*,Fluted Barrel,Drop Mag*,Appended Mag,Opening Shot*,Rapid Hit*,Gambit Leather*,Tier 2 Weapon*,Credence,Blind Faith,,,
The Wizened Rebuke,930590127,"""6917529097605789162""",,Legendary,Fusion Rifle,ironbanner,702,Arc,Handling,4,Vault,false,false,2,6,,5,51,72,62,95,58,35,0,28,6,47,860,0,0,,High-Impact Frame*,Hitmark IS*,Red Dot 2 MOA,Red Dot Micro,Enhanced Battery*,Liquid Coils,Auto-Loading Holster*,Tap the Trigger*,Tier 4 Weapon*,,,,,
Swift Ride XE8375,1386601612,"""6917529083903305094""",,Legendary,Pulse Rifle,blackarmory,582,Arc,Stability,2,Vault,false,false,2,5,,4.2,23,70,65,29,57,68,390,60,38,42,0,0,0,,Adaptive Frame*,SPO-57 Front*,SPO-26 Front,Drop Mag,Flared Magwell*,Outlaw*,Rampage*,Refurbished Black Armory*,Tier 2 Weapon*,,,,,
Steel Sybil Z-14,4230993599,"""6917529097625245513""",,Legendary,Sword,crucible,703,Void,Impact,1,Vault,false,false,2,4,,4.8,15,0,0,62,46,0,0,0,63,0,0,0,0,,Adaptive Frame*,Hungry Edge*,Honed Edge,Tempered Edge,Enduring Guard*,Heavy Guard,Tireless Blade*,En Garde*,Crucible Legacy*,Tier 1 Weapon*,,,,
The Last Dance,2009277538,"""6917529096357662340""",,Legendary,Sidearm,strikes,690,Arc,Reload Speed,2,Vault,false,false,2,4,,3.1,17,97,70,75,41,90,491,37,27,70,0,0,0,,Omolon Adaptive Frame*,QuickDot SAS*,Target SAS,FarPoint SAS,High-Caliber Rounds*,Flared Magwell,Threat Detector*,Tap the Trigger*,Vanguard Veteran*,Tier 2 Weapon*,,,,
Better Devils,153979397,"""6917529088666843598""",,Legendary,Hand Cannon,crucible,598,Kinetic,Range,1,Vault,false,false,2,4,,4.2,52,88,75,84,47,52,140,73,10,60,0,0,0,,Adaptive Frame*,Fastdraw HCS*,TrueSight HCS,Sureshot HCS,Drop Mag*,Appended Mag,Outlaw*,Field Prep*,Crucible Legacy*,Tier 1 Weapon*,,,,
Pillager,2653316158,"""6917529088324221290""",,Legendary,Submachine Gun,gambit,650,Kinetic,Handling,3,Vault,false,false,2,4,,5,29,97,57,15,43,52,900,37,40,80,0,0,0,,Lightweight Frame*,Corkscrew Rifling*,Smallbore,Appended Mag*,Light Mag,Grave Robber*,Rampage*,Gambit Leather*,Tier 3 Weapon*,,,,,
Blue Shift,417474226,"""6917529085787700714""",,Legendary,Rocket Launcher,io,617,Solar,,,Vault,false,false,1,1,,N/A,N/A,40,69,0,0,67,15,54,1,67,0,0,0,,High-Impact Frame*,Linear Compensator*,Confined Launch,Quick Launch,High-Velocity Rounds*,Alloy Casing,Field Prep*,Masterwork Upgrade*,,,,,,
Edge Transit,218335759,"""6917529086004403148""",,Legendary,Grenade Launcher,,645,Void,Reload Speed,3,Vault,false,false,2,4,,4.6,20,70,62,0,0,48,120,75,6,57,0,0,0,,Adaptive Frame*,Countermass*,Quick Launch,Alloy Casing*,Augmented Drum,Field Prep*,Quickdraw*,Distant Earth*,Tier 3 Weapon*,,,,,
Play of the Game,195440257,"""6917529096357668113""",,Legendary,Grenade Launcher,crucible,690,Arc,Reload Speed,2,Vault,false,false,2,4,,3.2,46,70,65,0,0,32,120,80,6,35,0,0,0,,Adaptive Frame*,Volatile Launch*,Countermass,Quick Launch,Alloy Casing*,High-Velocity Rounds,Snapshot Sights*,Rampage*,Crucible Legacy*,Tier 2 Weapon*,,,,
Tango-45 XK5094,20025671,"""6917529088380710163""",,Legendary,Scout Rifle,blackarmory,631,Solar,Reload Speed,1,Vault,false,false,2,5,,5,5,69,65,62,67,50,180,45,16,45,0,0,0,,Precision Frame*,SRO-41 Ocular*,SPO-28 Front,SPO-26 Front,Accurized Rounds*,Tactical Mag,Grave Robber*,Outlaw*,Refurbished Black Armory*,Tier 1 Weapon*,,,,
Berenger's Memory,1983332562,"""6917529086101684872""",,Legendary,Grenade Launcher,io,621,Void,,,Vault,false,false,1,1,,5,1,70,30,0,0,32,150,29,5,20,0,0,0,,Aggressive Frame*,Volatile Launch*,Smart Drift Control,Sticky Grenades*,Implosion Rounds,Auto-Loading Holster*,Masterwork Upgrade*,,,,,,,
The Last Dance,2009277538,"""6917529082310203589""",,Legendary,Sidearm,strikes,580,Arc,Handling,1,Vault,false,false,2,4,,5,16,97,70,75,52,77,491,35,27,49,0,0,0,,Omolon Adaptive Frame*,QuickDot SAS,Target SAS,FarPoint SAS*,Armor-Piercing Rounds*,Flared Magwell,Outlaw*,Opening Shot*,Vanguard Veteran*,Tier 1 Weapon*,,,,
The Rattler,1911843788,"""6917529096056961277""",,Legendary,Sidearm,io,648,Solar,,,Vault,false,false,1,1,,N/A,N/A,83,68,43,34,50,360,55,15,83,0,0,0,,Lightweight Frame*,QuickDot SAS*,Control SAS,Accurized Rounds*,Steady Rounds,Kill Clip*,Masterwork Upgrade*,,,,,,,
Eternity's Edge,1180270693,"""6917529084997600513""",,Legendary,Sword,,603,Solar,,,Vault,false,false,1,1,,5,3,0,0,65,55,0,0,0,62,0,0,0,0,,Adaptive Frame*,Honed Edge*,Hungry Edge,Enduring Blade,Infinite Guard*,Whirlwind Blade*,Masterwork Upgrade*,,,,,,,
Valakadyn,1518042135,"""6917529082013086357""",,Legendary,Auto Rifle,gunsmith,581,Solar,Stability,1,Vault,false,false,2,4,,5,8,56,66,18,40,62,720,54,53,53,0,0,0,,Rapid-Fire Frame*,Arrowhead Brake*,Fluted Barrel,Ricochet Rounds*,Light Mag,Dynamic Sway Reduction*,Rangefinder*,Tier 1 Weapon*,,,,,,
Nameless Midnight,3040742682,"""6917529097000104646""",,Legendary,Scout Rifle,strikes,684,Kinetic,Stability,1,Vault,false,false,2,4,,4.6,9,79,62,62,57,45,180,50,18,37,0,0,0,,Precision Frame*,Rifle Scope ST*,Rifle Scope SSF,Hitmark IS,Appended Mag*,Extended Mag,Grave Robber*,Auto-Loading Holster,Kill Clip*,Vanguard Veteran*,Targeting Adjuster*,Tier 1 Weapon*,,
Go Figure,4138174248,"""6917529087179703945""",,Legendary,Pulse Rifle,,650,Kinetic,Range,5,Vault,false,false,2,4,,4.7,113,69,40,35,90,61,450,40,40,42,0,0,0,,Aggressive Burst*,Devil Scope D2*,King Sight K1,Alloy Magazine,Armor-Piercing Rounds*,Zen Moment*,Rampage*,Distant Earth*,Tier 5 Weapon*,,,,,
Smuggler's Word,1843044399,"""6917529086570071232""",,Legendary,Sidearm,,650,Kinetic,Stability,1,Vault,false,false,2,4,,4.9,35,96,82,56,64,43,325,30,25,42,0,0,0,,Aggressive Burst*,QuickDot SAS,Tactic SAS*,High-Caliber Rounds*,Ricochet Rounds,Full Auto Trigger System*,Rampage*,Glacial Whisper*,Tier 1 Weapon*,,,,,
Galliard-42 XN7568,1775804198,"""6917529088327073226""",,Legendary,Auto Rifle,blackarmory,627,Solar,Stability,1,Vault,false,false,2,5,,5,11,70,60,21,51,50,600,29,52,60,0,0,0,,Adaptive Frame*,SRO-52 Ocular,SLO-12 Post,SPO-28 Front*,Extended Mag*,Light Mag,Auto-Loading Holster*,Rampage*,Refurbished Black Armory*,Tier 1 Weapon*,,,,
Drang,2362471600,"""6917529086197374507""",,Legendary,Sidearm,nessus,623,Solar,,,Vault,false,false,1,1,,4.3,14,80,70,49,48,70,300,37,18,74,0,0,0,,Adaptive Frame*,Smallbore*,Rampage*,Together Forever*,Masterwork Upgrade*,,,,,,,,,
SUROS Regime,2856683562,"""6917529081092886972""",,Exotic,Auto Rifle,,568,Kinetic,,,Vault,false,false,1,3,,1.1,90,50,68,21,60,62,600,76,27,68,0,0,0,,SUROS Legacy*,Hammer-Forged Rifling*,Tactical Mag*,Spinning Up,Dual Speed Receiver*,Hand-Laid Stock*,,,,,,,,
Wishbringer,3356526253,"""6917529097625249371""",,Legendary,Shotgun,crucible,697,Solar,Handling,1,Vault,false,false,2,5,,3.5,22,43,68,65,50,38,140,53,7,40,0,0,0,,Rapid-Fire Frame*,Smoothbore*,Full Choke,Appended Mag*,Extended Mag,Grave Robber*,Rampage*,Crucible Legacy*,Tier 1 Weapon*,,,,,
Tigerspite,640114618,"""6917529086138061010""",,Legendary,Auto Rifle,dreaming,650,Kinetic,Stability,4,Vault,false,false,2,4,,4.6,33,68,44,29,70,60,450,46,33,46,0,0,0,,Precision Frame*,Extended Barrel,Polygonal Rifling*,Appended Mag,High-Caliber Rounds*,Outlaw*,Grave Robber*,Burnished Dreams*,Tier 4 Weapon*,,,,,
IKELOS_SG_v1.0.1,1887808042,"""6917529086104833894""",,Legendary,Shotgun,ep,641,Solar,Stability,5,Vault,true,false,1,3,,4.9,89,69,72,65,41,57,140,74,8,50,0,0,0,,Rapid-Fire Frame*,Rifled Barrel,Hammer-Forged Rifling,Polygonal Rifling*,Trench Barrel*,Tactical Mag*,Moving Target,Threat Detector*,Iron Wolf*,Masterwork Weapon*,,,,
Bad Reputation,2105827099,"""6917529086203348508""",,Legendary,Submachine Gun,,648,Solar,Reload Speed,4,Vault,false,false,2,4,,5,11,99,51,25,66,42,600,27,27,19,0,0,0,,Precision Frame*,Wolf Dot W2*,Dusk Dot D1,Alloy Magazine*,Ricochet Rounds,Grave Robber*,Kill Clip*,Distant Earth*,Tier 4 Weapon*,,,,,
Persuader,4083045006,"""6917529088658099086""",,Legendary,Sniper Rifle,strikes,500,Void,Handling,1,Vault,false,false,2,5,,4.9,20,60,71,55,52,42,140,61,7,59,0,0,0,,Rapid-Fire Frame*,9RECT Telescopic*,50VAL Telescopic,Appended Mag*,Extended Mag,Snapshot Sights*,Rampage*,Vanguard Veteran*,Tier 1 Weapon*,,,,,
Main Ingredient,253196586,"""6917529088663672925""",,Legendary,Fusion Rifle,strikes,578,Arc,Range,3,Vault,false,false,2,4,,5,18,73,59,80,70,63,0,32,5,47,740,0,0,,Precision Frame*,Cleanshot IS*,Hitmark IS,Red Dot 2 MOA,Particle Repeater*,Projection Fuse,Moving Target*,Backup Plan*,Vanguard Veteran*,Tier 3 Weapon*,Subatomic Ivory,,,
Parcel of Stardust,2217366863,"""6917529085168524116""",,Legendary,Shotgun,gambit,477,Kinetic,Reload Speed,2,Vault,false,false,2,4,,5,33,53,52,65,60,54,80,62,6,80,0,0,0,,Lightweight Frame*,Barrel Shroud*,Corkscrew Rifling,Accurized Rounds*,Light Mag,Slideshot*,Auto-Loading Holster*,Gambit Leather*,Tier 2 Weapon*,Meteor Shower,Fell to Earth*,,,
Nightshade,792755504,"""6917529086143656045""",,Legendary,Pulse Rifle,strikes,647,Kinetic,Range,1,Vault,false,false,2,5,,5,19,56,68,27,56,59,450,62,30,60,0,0,0,,Lightweight Frame*,Rifle Scope ST*,Armor-Piercing Rounds*,Under Pressure*,Kill Clip*,Tier 1 Weapon*,,,,,,,,
Go Figure,4138174248,"""6917529086269028543""",,Legendary,Pulse Rifle,,620,Kinetic,Stability,3,Vault,false,false,2,4,,4.2,69,69,40,35,84,64,450,40,48,27,0,0,0,,Aggressive Burst*,Dusk Scope D2*,Wolf Sight W1,Appended Mag*,Flared Magwell,Under Pressure*,Kill Clip*,Distant Earth*,Tier 3 Weapon*,,,,,
Bad Reputation,2105827099,"""6917529097610576249""",,Legendary,Submachine Gun,,726,Solar,Stability,5,Vault,false,false,2,4,,4.7,13,99,51,25,60,46,600,10,30,37,0,0,0,,Precision Frame*,Wolf Sight W1*,Dusk Sight D1,Extended Mag*,Ricochet Rounds,Zen Moment*,Under Pressure*,Distant Earth*,Tier 5 Weapon*,,,,,
Dreaded Venture,3100452337,"""6917529096423836164""",,Legendary,Sniper Rifle,gambit,670,Kinetic,Reload Speed,5,Vault,false,false,2,4,,4.8,10,76,49,90,74,44,72,43,4,26,0,0,0,,Aggressive Frame*,Chambered Compensator*,Fluted Barrel,Appended Mag*,Extended Mag,Ambitious Assassin*,Firmly Planted*,Gambit Leather*,Tier 5 Weapon*,,,,,