,Name,Hash,Id,Tag,Tier,Type,Source,Power,Dmg,Masterwork Type,Masterwork Tier,Owner,Locked,Equipped,Year,Season,Event,DTR Rating,# of Reviews,Recoil,AA,Impact,Range,Stability,ROF,Reload,Mag,Equip,Charge Time,Draw Time,Accuracy,Notes,Perks 0,Perks 1,Perks 2,Perks 3,Perks 4,Perks 5,Perks 6,Perks 7,Perks 8,Perks 9,Perks 10,Perks 11,Perks 12,Perks 13,godMag,godSights,godPerk1,godPerk2,godScore
0,Nameless Midnight,3040742682,"""6917529086495501666""",Junk,Legendary,Scout Rifle,strikes,650,Kinetic,Reload Speed,2.0,Warlock(659),False,False,2,4,,4.4,11.0,79,62,62,48,44,180,78,16,60,0,0,0,,Precision Frame*,Hitmark IS*,Red Dot 2 MOA,Red Dot Micro,Drop Mag*,Steady Rounds,Triple Tap*,Rampage*,Vanguard Veteran*,Tier 2 Weapon*,,,,,0,0,0,0,0
1,The Last Word,1364093401,"""6917529088637588054""",Keep,Exotic,Hand Cannon,,650,Kinetic,,,Warlock(659),False,False,2,5,,4.8,174.0,100,40,78,42,46,225,82,8,46,0,0,0,,Fan Fire*,Corkscrew Rifling*,Accurized Rounds*,Hip-Fire Grip*,Textured Grip*,,,,,,,,,,1,1,1,1,4
2,Smuggler's Word,1843044399,"""6917529086266259590""",Junk,Legendary,Sidearm,,619,Kinetic,Stability,4.0,Warlock(659),False,False,2,4,,3.7,25.0,96,82,56,55,50,325,30,25,56,0,0,0,,Aggressive Burst*,QuickDot SAS*,Tactic SAS,Alloy Magazine*,Appended Mag,Full Auto Trigger System*,Tap the Trigger*,Distant Earth*,Tier 4 Weapon*,,,,,,0,0,0,0,0
3,Does Not Compute,2278995296,"""6917529088666844636""",Junk,Legendary,Scout Rifle,crucible,592,Kinetic,Handling,2.0,Warlock(659),False,False,2,5,,4.3,7.0,80,39,67,68,24,150,43,14,46,0,0,0,,High-Impact Frame*,Cleanshot IS*,Red Dot Micro,Appended Mag*,Extended Mag,Grave Robber*,Outlaw*,Crucible Legacy*,Tier 2 Weapon*,,,,,,0,0,0,0,0
4,The Jade Rabbit,3844694310,"""6917529097009679983""",Keep,Exotic,Scout Rifle,,691,Kinetic,Stability,10.0,Warlock(659),False,False,1,2,,2.6,77.0,100,80,67,86,82,150,59,10,29,0,0,0,,The Fate of All Fools*,Polygonal Rifling*,Armor-Piercing Rounds*,Zen Moment*,Jade Rabbit Catalyst*,Upgrade Masterwork,,,,,,,,,1,1,1,1,4
5,Does Not Compute,2278995296,"""6917529086560565711""",Junk,Legendary,Scout Rifle,crucible,617,Kinetic,Range,1.0,Warlock(659),False,False,2,5,,4.0,9.0,80,39,67,85,24,150,43,12,25,0,0,0,,High-Impact Frame*,Rifle Scope ST*,Rifle Scope SSF,Accurized Rounds*,Steady Rounds,Grave Robber*,Threat Detector*,Crucible Legacy*,Tier 1 Weapon*,,,,,,0,0,0,0,0
6,Ether Doctor,1839565992,"""6917529086209056922""",Junk,Legendary,Auto Rifle,tangled,647,Kinetic,Handling,3.0,Warlock(659),False,False,2,4,,4.9,21.0,47,61,21,58,46,600,57,41,77,0,0,0,,Adaptive Frame*,Devil Scope D2*,King Sight K1,Armor-Piercing Rounds*,Ricochet Rounds,Snapshot Sights*,Slideways*,Tangled Rust*,Tier 3 Weapon*,,,,,,0,0,0,0,0
7,Ten Paces,2112909415,"""6917529086200510999""",Junk,Legendary,Hand Cannon,,647,Kinetic,Handling,1.0,Warlock(659),False,False,2,4,,4.5,17.0,87,71,84,46,58,140,28,14,59,0,0,0,,Adaptive Frame*,Fastdraw HCS*,Sureshot HCS,Extended Mag*,Flared Magwell,Auto-Loading Holster*,Zen Moment*,Glacial Whisper*,Backup Mag*,Tier 1 Weapon*,,,,,0,0,0,0,0
8,Better Devils,153979397,"""6917529088666843516""",Junk,Legendary,Hand Cannon,crucible,595,Kinetic,Stability,1.0,Warlock(659),False,False,2,4,,3.6,39.0,88,75,84,46,53,140,46,12,60,0,0,0,,Adaptive Frame*,Fastdraw HCS*,HitMark HCS,Crossfire HCS,Appended Mag*,Steady Rounds,Moving Target*,Field Prep*,Crucible Legacy*,Tier 1 Weapon*,,,,,0,0,0,0,0
9,Vestian Dynasty,3334276332,"""6917529085787693387""",Junk,Legendary,Sidearm,,639,Arc,Range,3.0,Warlock(659),False,False,2,4,,4.4,17.0,99,90,51,71,42,260,29,12,35,0,0,0,,Precision Frame*,Extended Barrel*,Chambered Compensator,Alloy Magazine,Armor-Piercing Rounds*,Kill Clip*,Dragonfly*,Distant Earth*,Tier 3 Weapon*,"Yes, Queen",,,,,0,0,0,0,0
10,Death Adder,2517599010,"""6917529096056954215""",Junk,Legendary,Submachine Gun,,648,Solar,,,Warlock(659),False,False,1,1,,5.0,5.0,95,55,15,38,61,900,33,37,64,0,0,0,,Lightweight Frame*,Smallbore*,Hammer-Forged Rifling,Corkscrew Rifling,Steady Rounds*,Armor-Piercing Rounds,Hip-Fire Grip*,Masterwork Upgrade*,,,,,,,0,0,0,0,0
11,Persuader,4083045006,"""6917529097037067082""",Junk,Legendary,Sniper Rifle,strikes,694,Void,Reload Speed,1.0,Warlock(659),False,False,2,5,,4.9,20.0,60,71,55,48,55,140,62,5,58,0,0,0,,Rapid-Fire Frame*,9RECT Telescopic*,50VAL Telescopic,Steady Rounds*,Alloy Magazine,Genesis*,Explosive Payload*,Vanguard Veteran*,Tier 1 Weapon*,,,,,,0,0,0,0,0
12,IKELOS_SR_v1.0.1,847450546,"""6917529086289794464""",Junk,Legendary,Sniper Rifle,ep,628,Solar,,,Warlock(659),False,False,1,3,,4.7,7.0,57,73,55,50,36,140,61,5,66,0,0,0,,Rapid-Fire Frame*,Full Bore*,Corkscrew Rifling,Polygonal Rifling,Seraph Rounds*,Box Breathing*,Triple Tap*,Masterwork Upgrade*,,,,,,,0,0,0,0,0
13,Translation Theory,1843044398,"""6917529086283895264""",Junk,Legendary,Sidearm,,631,Solar,Stability,1.0,Warlock(659),False,False,2,4,,4.7,6.0,96,81,49,37,72,300,19,18,68,0,0,0,,Adaptive Frame*,QuickDot SAS*,Target SAS,Extended Mag*,Light Mag,Outlaw*,Grave Robber*,Bold Statement*,Tier 1 Weapon*,,,,,,0,0,0,0,0
14,Telesto,2208405142,"""6917529085142505574""",Keep,Exotic,Fusion Rifle,,598,Void,,,Warlock(659),False,False,1,2,,4.4,54.0,66,46,85,42,81,0,82,4,66,780,0,0,,Unplanned Reprieve*,Projection Fuse*,Harbinger's Pulse*,Polymer Grip*,Telesto Catalyst*,,,,,,,,,,1,1,1,1,4
15,Arsenic Bite-4b,720351795,"""6917529087196397050""",Junk,Legendary,Combat Bow,,631,Arc,Stability,1.0,Warlock(659),False,False,2,4,,4.9,20.0,51,81,68,0,72,0,64,0,64,0,640,56,,Lightweight Frame*,Polymer String*,Carbon Arrow Shaft*,Archer's Tempo*,Rampage*,Glacial Whisper*,Tier 1 Weapon*,,,,,,,,0,0,0,0,0
16,Borealis,3141979347,"""6917529079462375142""",Junk,Exotic,Sniper Rifle,,592,Void,Reload Speed,10.0,Warlock(659),False,False,1,1,,4.3,35.0,55,65,90,59,66,72,68,5,78,0,0,0,,The Fundamentals*,Corkscrew Rifling*,Extended Mag*,Ionic Return*,Hand-Laid Stock*,Borealis Catalyst*,Upgrade Masterwork,,,,,,,,0,0,0,0,0
17,Inaugural Address,3325744914,"""6917529097004927802""",Junk,Legendary,Pulse Rifle,calus,683,Void,,,Warlock(659),False,False,1,1,,4.2,37.0,79,64,29,49,68,390,46,39,51,0,0,0,,Adaptive Frame*,Polygonal Rifling*,Fluted Barrel,Chambered Compensator,Outlaw*,Ambitious Assassin,Kill Clip*,Masterwork Upgrade*,,,,,,,0,0,0,0,0
18,Two-Tailed Fox,2694576561,"""6917529085227704467""",Keep,Exotic,Rocket Launcher,,630,Void,,,Warlock(659),False,False,2,4,,3.0,37.0,61,67,0,0,73,40,45,1,57,0,0,0,,Twintails*,Confined Launch*,High-Velocity Rounds*,Play with Your Prey*,Composite Stock*,Cuddly Throwback*,,,,,,,,,1,1,1,1,4
19,Stryker's Sure-Hand,3704653637,"""6917529086146924754""",Junk,Legendary,Sword,blackarmory,650,Arc,Impact,2.0,Warlock(659),False,False,2,5,,5.0,27.0,0,0,63,46,0,0,0,64,0,0,0,0,,Adaptive Frame*,Hungry Edge*,Jagged Edge,Burst Guard*,Enduring Guard,Tireless Blade*,Surrounded*,New Age Black Armory*,Tier 2 Weapon*,Base Radiance*,,,,,0,0,0,0,0
20,Play of the Game,195440257,"""6917529088976826117""",Junk,Legendary,Grenade Launcher,crucible,650,Arc,Handling,2.0,Warlock(659),False,False,2,4,,3.1,42.0,70,65,0,0,42,120,33,7,55,0,0,0,,Adaptive Frame*,Volatile Launch,Hard Launch,Quick Launch*,Thermoplastic Grenades,Augmented Drum*,Rangefinder*,Rampage*,Crucible Legacy*,Tier 2 Weapon*,,,,,0,0,0,0,0
21,Sleeper Simulant,4036115577,"""6917529086283892970""",Keep,Exotic,Linear Fusion Rifle,,340,Solar,,,Warlock(659),False,False,1,3,,1.0,79.0,65,57,41,63,59,0,50,4,46,1024,0,0,,Dornröschen*,Polygonal Rifling*,Flared Magwell*,Moving Target*,Composite Stock*,Sleeper Simulant Catalyst*,,,,,,,,,1,1,1,1,4
22,The Colony,3899270607,"""6917529083173494624""",Keep,Exotic,Grenade Launcher,,581,Void,,,Warlock(659),False,False,1,2,,3.7,28.0,80,60,0,0,91,140,73,7,86,0,0,0,,Insectoid Robot Grenades*,Linear Compensator*,High-Velocity Rounds*,Serve the Colony*,Composite Stock*,Colony Catalyst*,,,,,,,,,1,1,1,1,4
23,Bad Omens,991314988,"""6917529086122648590""",Junk,Legendary,Rocket Launcher,gambit,650,Void,Handling,4.0,Warlock(659),False,False,2,4,,5.0,20.0,76,34,0,0,25,25,65,1,27,0,0,0,,Aggressive Frame*,Volatile Launch*,Smart Drift Control,Black Powder*,Implosion Rounds,Auto-Loading Holster*,Cluster Bomb*,Gambit Leather*,Tier 4 Weapon*,Foretelling,,,,,0,0,0,0,0
24,Sins of the Past,3691881271,"""6917529097000103384""",Junk,Legendary,Rocket Launcher,calus,683,Arc,,,Warlock(659),False,False,1,1,,3.0,20.0,57,74,0,0,77,15,42,1,70,0,0,0,,High-Impact Frame*,Confined Launch*,Linear Compensator,Smart Drift Control,Cluster Bomb*,Ambitious Assassin,Auto-Loading Holster*,Masterwork Upgrade*,,,,,,,0,0,0,0,0
25,Through Fire and Flood,301362381,"""6917529096354668013""",Junk,Legendary,Grenade Launcher,,655,Arc,Reload Speed,1.0,Warlock(659),False,False,2,4,,3.3,12.0,77,69,0,0,60,120,46,6,51,0,0,0,,Adaptive Frame*,Linear Compensator*,Quick Launch,Thermoplastic Grenades*,Alloy Casing,Rangefinder*,Rampage*,Glacial Whisper*,Targeting Adjuster*,Tier 1 Weapon*,,,,,0,0,0,0,0
26,Whisper of the Worm,1891561814,"""6917529086912723862""",Keep,Exotic,Sniper Rifle,,650,Solar,,,Warlock(659),False,False,1,3,,1.0,325.0,74,39,100,86,42,72,42,3,31,0,0,0,,White Nail*,Polygonal Rifling*,Accurized Rounds*,Mulligan*,Fitted Stock*,Whisper Catalyst*,,,,,,,,,1,1,1,1,4
27,Long Shadow,3745990145,"""6917529097087863256""",Junk,Legendary,Sniper Rifle,strikes,708,Kinetic,Stability,5.0,Warlock(659),False,True,2,4,,2.3,31.0,47,59,70,72,52,90,46,4,37,0,0,0,,Adaptive Frame*,ATB Long Range*,ATC Rex,Accurized Rounds*,Extended Mag,Field Prep*,Moving Target*,Vanguard Veteran*,Tier 5 Weapon*,,,,,,0,0,0,0,0
28,Prometheus Lens,19024058,"""6917529086146931891""",Keep,Exotic,Trace Rifle,,650,Solar,,,Warlock(659),False,True,1,2,,3.8,37.0,90,100,6,73,64,1000,46,100,42,0,0,0,,Prismatic Inferno*,Chambered Compensator*,Projection Fuse*,Flame Refraction*,Composite Stock*,Prometheus Catalyst*,,,,,,,,,1,1,1,1,4
29,Edge Transit,218335759,"""6917529096351553813""",Junk,Legendary,Grenade Launcher,,662,Void,Velocity,3.0,Warlock(659),False,True,2,4,,4.7,19.0,70,62,0,0,48,120,72,6,57,0,0,0,,Adaptive Frame*,Countermass*,Quick Launch,Alloy Casing*,Augmented Drum,Auto-Loading Holster*,Genesis*,Distant Earth*,Tier 3 Weapon*,,,,,,0,0,0,0,0
29,Edge Transit,218335759,"""6917529096351553813""",Keep,Legendary,Grenade Launcher,,662,Void,Velocity,3.0,Warlock(659),False,True,2,4,,4.7,19.0,70,62,0,0,48,120,72,6,57,0,0,0,,Adaptive Frame*,Countermass*,Quick Launch,Alloy Casing*,Augmented Drum,Auto-Loading Holster*,Genesis*,Distant Earth*,Tier 3 Weapon*,,,,,,1,1,1,1,4
30,Vertical Orbit QSm,2812672356,"""6917529096044690564""",Junk,Legendary,Sidearm,mercury,648,Kinetic,,,Titan(642),False,False,1,2,,5.0,1.0,92,79,49,42,77,300,35,15,48,0,0,0,,Adaptive Frame*,Target SAS*,QuickDot SAS,FarPoint SAS,Steady Rounds*,Flared Magwell,Triple Tap*,Masterwork Upgrade*,,,,,,,0,0,0,0,0
31,Wrong Side of Right,3957603605,"""6917529086566888496""",Junk,Legendary,Scout Rifle,tangled,650,Kinetic,Reload Speed,5.0,Titan(642),False,False,2,4,,3.5,7.0,70,39,67,73,28,150,64,13,37,0,0,0,,High-Impact Frame*,Devil Scope D2*,Dusk Dot D1,Drop Mag*,Extended Mag,Opening Shot*,Firmly Planted*,Tangled Rust*,Tier 5 Weapon*,,,,,,0,0,0,0,0
32,Arbalest,2130065553,"""6917529096357669739""",Keep,Exotic,Linear Fusion Rifle,,692,Kinetic,,,Titan(642),False,False,2,6,,4.3,109.0,77,61,41,60,60,0,35,5,28,533,0,0,,Compounding Force*,Extended Barrel*,Projection Fuse*,Disruption Break*,Composite Stock*,,,,,,,,,,1,1,1,1,4
33,Hawthorne's Field-Forged Shotgun,731147177,"""6917529082001393133""",Junk,Legendary,Shotgun,edz,600,Kinetic,Reload Speed,10.0,Titan(642),True,False,1,1,,5.0,8.0,60,45,65,64,50,90,73,7,64,0,0,0,,Lightweight Frame*,Rifled Barrel,Smoothbore*,Tactical Mag,Assault Mag*,Full Auto Trigger System*,Nebula Rose*,Masterwork Weapon*,,,,,,,0,0,0,0,0
34,Ten Paces,2112909415,"""6917529096212038170""",Junk,Legendary,Hand Cannon,,649,Kinetic,Reload Speed,5.0,Titan(642),False,False,2,4,,3.3,20.0,87,71,84,55,62,140,50,10,53,0,0,0,,Adaptive Frame*,SteadyHand HCS*,TrueSight HCS,Accurized Rounds*,Tactical Mag,Quickdraw*,Opening Shot*,Glacial Whisper*,Tier 5 Weapon*,,,,,,0,0,0,0,0
35,Lumina,3512014804,"""6917529096429633359""",Keep,Exotic,Hand Cannon,,690,Kinetic,,,Titan(642),True,False,2,7,,4.8,66.0,95,88,80,53,55,150,65,13,78,0,0,0,,Noble Rounds*,Chambered Compensator*,Accurized Rounds*,Blessing of the Sky*,Polymer Grip*,,,,,,,,,,1,1,1,1,4
36,Sturm,2907129556,"""6917529085776649569""",Junk,Exotic,Hand Cannon,,620,Kinetic,Handling,10.0,Titan(642),False,False,1,1,,4.2,35.0,80,50,92,91,56,110,37,12,73,0,0,0,,Accomplice*,Extended Barrel*,Extended Mag*,Storm and Stress*,Combat Grip*,Sturm Catalyst*,Upgrade Masterwork,,,,,,,,0,0,0,0,0
37,Duke Mk. 44,2112909414,"""6917529086808387582""",Junk,Legendary,Hand Cannon,,650,Kinetic,Handling,2.0,Titan(642),False,False,2,4,,4.9,62.0,90,64,92,81,27,110,46,9,30,0,0,0,,Aggressive Frame*,TrueSight HCS,Crossfire HCS,Sureshot HCS*,Rangefinder*,Extended Mag,Appended Mag,Light Mag*,Moving Target*,Arctic Pearl*,Tier 2 Weapon*,,,,0,0,0,0,0
38,Crimson,3437746471,"""6917529082194844463""",Junk,Exotic,Hand Cannon,,600,Kinetic,Range,10.0,Titan(642),False,False,1,2,,4.4,59.0,55,75,92,93,97,415,64,14,42,0,0,0,,Banned Weapon*,Smallbore*,Accurized Rounds*,Cruel Remedy*,Heavy Grip*,Iridescent Death,Crimson Catalyst*,,,,,,,,0,0,0,0,0
39,Tatara Gaze,1449922174,"""6917529084988773664""",Junk,Legendary,Sniper Rifle,blackarmory,650,Arc,Range,10.0,Titan(642),False,False,2,5,,4.9,22.0,79,45,90,92,35,72,42,3,29,0,0,0,,Aggressive Frame*,Corkscrew Rifling,Full Bore*,Extended Mag,Steady Rounds*,Shield Disorient*,Box Breathing*,New Age Black Armory*,Counterbalance Stock*,Masterwork*,Tracker Disabled,Kill Tracker*,Crucible Tracker,Base Radiance*,0,0,0,0,0
40,Distant Relation,2034817450,"""6917529086855168718""",Junk,Legendary,Scout Rifle,gambit,650,Solar,Range,3.0,Titan(642),False,False,2,4,,5.0,21.0,58,61,62,50,54,180,72,16,55,0,0,0,,Precision Frame*,Arrowhead Brake*,Fluted Barrel,Drop Mag*,Alloy Magazine,Zen Moment*,Explosive Payload*,Gambit Leather*,Tier 3 Weapon*,Next of Kin,,,,,0,0,0,0,0
41,Coldheart,1345867571,"""6917529096423841198""",Junk,Exotic,Trace Rifle,,698,Arc,,,Titan(642),False,False,1,1,,3.8,33.0,90,100,6,73,73,1000,37,101,32,0,0,0,,Cold Fusion*,Extended Barrel*,Enhanced Battery*,Longest Winter*,Hand-Laid Stock*,Pride of Omolon,Coldheart Catalyst*,,,,,,,,0,0,0,0,0
42,Good Bone Structure,64236626,"""6917529088876747397""",Junk,Legendary,Shotgun,gunsmith,650,Arc,Reload Speed,1.0,Titan(642),False,False,2,4,,5.0,10.0,52,35,70,73,42,65,47,7,65,0,0,0,,Precision Frame*,Full Bore*,Smallbore,Appended Mag*,Extended Mag,Threat Detector*,Rampage*,Precursor Vex Chrome*,Tier 1 Weapon*,,,,,,0,0,0,0,0
43,Mindbender's Ambition,4117693024,"""6917529080400567126""",Junk,Legendary,Shotgun,nightfall,600,Solar,Stability,10.0,Titan(642),False,False,2,4,,4.0,72.0,69,39,80,42,56,55,54,6,38,0,0,0,,Aggressive Frame*,Rifled Barrel,Smoothbore,Smallbore*,Appended Mag,Tactical Mag*,Pulse Monitor*,Quickdraw*,Omolon Meteor Gloss*,Boss Spec*,Masterwork*,Tracker Disabled,Kill Tracker,Crucible Tracker*,0,0,0,0,0
44,Right Side of Wrong,3376406418,"""6917529081068781252""",Junk,Legendary,Pulse Rifle,tangled,636,Solar,Range,10.0,Titan(642),True,False,2,4,,5.0,25.0,60,49,35,74,64,450,71,40,44,0,0,0,,Aggressive Burst*,Dusk Scope D2,King Sight K1*,Drop Mag*,Alloy Magazine,Outlaw*,Headseeker*,Indigo Matrix*,Radar Tuner*,Masterwork*,Tracker Disabled,Kill Tracker,Crucible Tracker*,,0,0,0,0,0
45,Vouchsafe,3242168339,"""6917529080488398213""",Junk,Legendary,Scout Rifle,dreaming,650,Void,Stability,6.0,Titan(642),False,False,2,4,,4.3,7.0,47,73,60,58,44,200,60,16,58,0,0,0,,Lightweight Frame*,Chambered Compensator,Extended Barrel*,Accurized Rounds*,Appended Mag,Full Auto Trigger System*,Explosive Payload*,Devil in the Details*,Major Spec*,Tier 6 Weapon*,Tracker Disabled,Kill Tracker,Crucible Tracker*,,0,0,0,0,0
46,Le Monarque,3588934839,"""6917529088327079382""",Keep,Exotic,Combat Bow,blackarmory,650,Void,,,Titan(642),False,False,2,5,,4.0,83.0,78,70,76,0,56,0,46,0,63,0,760,85,,Poison Arrows*,Natural String*,Compact Arrow Shaft*,Snapshot Sights*,,,,,,,,,,,1,1,1,1,4
47,Arsenic Bite-4b,720351795,"""6917529097622616248""",Junk,Legendary,Combat Bow,,668,Arc,Reload Speed,1.0,Titan(642),False,False,2,4,,4.8,28.0,51,81,68,0,71,0,65,0,68,0,680,59,,Lightweight Frame*,Natural String*,Polymer String,Helical Fletching*,Straight Fletching,Quickdraw*,Explosive Head*,Glacial Whisper*,Tier 1 Weapon*,,,,,,0,0,0,0,0
48,Steel Sybil Z-14,4230993599,"""6917529088669505418""",Junk,Legendary,Sword,crucible,621,Void,Impact,2.0,Titan(642),False,False,2,4,,4.8,14.0,0,0,60,46,0,0,0,66,0,0,0,0,,Adaptive Frame*,Enduring Blade*,Honed Edge,Tempered Edge,Burst Guard*,Swordmaster's Guard,Relentless Strikes*,Assassin's Blade*,Crucible Legacy*,Tier 2 Weapon*,,,,,0,0,0,0,0
49,Edge Transit,218335759,"""6917529096634132140""",Junk,Legendary,Grenade Launcher,,701,Void,Handling,3.0,Titan(642),False,False,2,4,,4.6,19.0,70,62,0,0,61,120,27,7,50,0,0,0,,Adaptive Frame*,Confined Launch*,Linear Compensator,Augmented Drum*,High-Velocity Rounds,Threat Detector*,Quickdraw*,Distant Earth*,Tier 3 Weapon*,,,,,,0,0,0,0,0
49,Edge Transit,218335759,"""6917529096634132140""",Keep,Legendary,Grenade Launcher,,701,Void,Handling,3.0,Titan(642),False,False,2,4,,4.6,19.0,70,62,0,0,61,120,27,7,50,0,0,0,,Adaptive Frame*,Confined Launch*,Linear Compensator,Augmented Drum*,High-Velocity Rounds,Threat Detector*,Quickdraw*,Distant Earth*,Tier 3 Weapon*,,,,,,1,1,1,1,4
50,Crooked Fang-4fr,3419149443,"""6917529097618003271""",Junk,Legendary,Linear Fusion Rifle,gunsmith,598,Void,Stability,2.0,Titan(642),False,False,2,4,,4.7,9.0,65,61,41,34,38,0,35,6,45,533,0,0,,Precision Frame*,Arrowhead Brake*,Chambered Compensator,Enhanced Battery*,Liquid Coils,Hip-Fire Grip*,Box Breathing*,Tier 2 Weapon*,,,,,,,0,0,0,0,0
51,Crooked Fang-4fr,3419149443,"""6917529085439710868""",Junk,Legendary,Linear Fusion Rifle,gunsmith,636,Void,Stability,1.0,Titan(642),False,False,2,4,,4.8,12.0,65,61,41,43,37,0,35,6,27,533,0,0,,Precision Frame*,Extended Barrel*,Polygonal Rifling,Enhanced Battery*,Particle Repeater,Snapshot Sights*,Backup Plan*,Tier 1 Weapon*,,,,,,,0,0,0,0,0
52,Sleepless,3740842661,"""6917529081199973578""",Junk,Legendary,Rocket Launcher,dreaming,635,Arc,Reload Speed,1.0,Titan(642),False,False,2,4,,5.0,12.0,58,72,0,0,80,15,41,1,69,0,0,0,,High-Impact Frame*,Confined Launch,Linear Compensator*,High-Velocity Rounds,Implosion Rounds*,Snapshot Sights*,Cluster Bomb*,Burnished Dreams*,Targeting Adjuster*,Tier 1 Weapon*,,,,,0,0,0,0,0
53,Zenobia-D,3776129137,"""6917529084607181523""",Junk,Legendary,Rocket Launcher,gunsmith,615,Arc,Blast Radius,3.0,Titan(642),False,False,2,4,,4.7,18.0,45,61,0,0,38,15,55,1,41,0,0,0,,Häkke Precision Frame*,Volatile Launch*,Confined Launch,Alloy Casing*,Implosion Rounds,Snapshot Sights*,Kill Clip*,Tier 3 Weapon*,,,,,,,0,0,0,0,0
54,Crooked Fang-4fr,3419149443,"""6917529088634849990""",Junk,Legendary,Linear Fusion Rifle,gunsmith,650,Void,Range,4.0,Titan(642),False,False,2,4,,5.0,5.0,65,61,41,38,36,0,17,7,45,533,0,0,,Precision Frame*,Arrowhead Brake*,Smallbore,Ionized Battery*,Particle Repeater,Hip-Fire Grip*,Kill Clip*,Tier 4 Weapon*,,,,,,,0,0,0,0,0
55,Zenobia-D,3776129137,"""6917529088412170075""",Junk,Legendary,Rocket Launcher,gunsmith,650,Arc,Handling,1.0,Titan(642),False,False,2,4,,4.7,25.0,45,61,0,0,38,15,37,1,46,0,0,0,,Häkke Precision Frame*,Hard Launch*,Quick Launch,High-Velocity Rounds*,Impact Casing,Auto-Loading Holster*,Cluster Bomb*,Tier 1 Weapon*,,,,,,,0,0,0,0,0
56,Bad Omens,991314988,"""6917529096212032999""",Junk,Legendary,Rocket Launcher,gambit,661,Void,Velocity,2.0,Titan(642),False,False,2,4,,5.0,18.0,76,34,0,0,25,25,92,1,24,0,0,0,,Aggressive Frame*,Volatile Launch*,Quick Launch,Alloy Casing*,High-Velocity Rounds,Auto-Loading Holster*,Quickdraw*,Gambit Leather*,Minor Spec*,Tier 2 Weapon*,Foretelling,,,,0,0,0,0,0
57,Outrageous Fortune,4146702548,"""6917529097620422768""",Keep,Legendary,Grenade Launcher,strikes,676,Solar,Velocity,1.0,Titan(642),False,False,2,4,,4.1,27.0,57,30,0,0,36,150,28,4,46,0,0,0,,Aggressive Frame*,Quick Launch*,Smart Drift Control,High-Explosive Ordnance*,Mini Frags,Threat Detector*,Quickdraw*,Vanguard Veteran*,Tier 1 Weapon*,,,,,,1,1,1,1,4
58,Bygones,2712244741,"""6917529096214910435""",Junk,Legendary,Pulse Rifle,gambit,682,Kinetic,Range,5.0,Titan(642),False,True,2,4,,4.7,100.0,69,61,29,67,64,390,51,38,56,0,0,0,,Adaptive Frame*,Corkscrew Rifling*,Fluted Barrel,Armor-Piercing Rounds*,Ricochet Rounds,High-Impact Reserves*,Full Auto Trigger System*,Gambit Leather*,Tier 5 Weapon*,,,,,,0,0,0,0,0
59,Trinity Ghoul,814876685,"""6917529088447850078""",Keep,Exotic,Combat Bow,,650,Arc,,,Titan(642),False,True,2,4,,4.7,35.0,77,74,80,0,50,0,55,0,58,0,840,96,,Split Electron*,High Tension String*,Compact Arrow Shaft*,Lightning Rod*,,,,,,,,,,,1,1,1,1,4
60,Hammerhead,603242241,"""6917529085233831326""",Junk,Legendary,Machine Gun,blackarmory,650,Void,Stability,10.0,Titan(642),True,True,2,5,,4.9,102.0,75,90,41,68,78,450,64,60,49,0,0,0,,Adaptive Frame*,Arrowhead Brake,Fluted Barrel*,Extended Mag,Armor-Piercing Rounds*,Tap the Trigger*,Rampage*,New Age Black Armory*,Rampage Spec*,Masterwork*,Tracker Disabled,Kill Tracker,Crucible Tracker*,Base Radiance*,0,0,0,0,0
61,Bite of the Fox,3169616514,"""6917529097324826473""",Junk,Legendary,Sniper Rifle,ironbanner,697,Kinetic,Handling,1.0,Hunter(698),False,False,2,4,,4.9,33.0,68,41,90,73,37,72,60,3,29,0,0,0,,Aggressive Frame*,Chambered Compensator*,Corkscrew Rifling,Drop Mag*,Extended Mag,Firmly Planted*,Explosive Payload*,Tier 1 Weapon*,,,,,,,0,0,0,0,0
62,The Chaperone,3413860062,"""6917529087053053809""",Keep,Exotic,Shotgun,,650,Kinetic,,,Hunter(698),False,False,2,4,,4.8,53.0,50,70,75,100,37,70,37,6,82,0,0,0,,Precision Slug*,Hammer-Forged Rifling*,Accurized Rounds*,The Roadborn*,Hand-Laid Stock*,Guardian Angel*,,,,,,,,,1,1,1,1,4
63,Rose,2429822976,"""6917529096987674713""",Junk,Legendary,Hand Cannon,,724,Kinetic,Range,10.0,Hunter(698),False,False,2,7,,4.2,95.0,95,85,80,62,55,150,60,11,76,0,0,0,,Lightweight Frame*,Chambered Compensator*,Accurized Rounds*,Outlaw*,Polymer Grip*,Targeting Adjuster*,Masterwork*,Tracker Disabled,Kill Tracker,Crucible Tracker*,,,,,0,0,0,0,0
64,Does Not Compute,2278995296,"""6917529097625248140""",Junk,Legendary,Scout Rifle,crucible,726,Kinetic,Reload Speed,1.0,Hunter(698),False,False,2,5,,4.3,8.0,80,39,67,84,24,150,44,12,25,0,0,0,,High-Impact Frame*,Rifle Scope ST*,Rifle Scope SSF,Accurized Rounds*,Tactical Mag,High-Impact Reserves*,Rangefinder*,Crucible Legacy*,Tier 1 Weapon*,,,,,,0,0,0,0,0
65,Thorn,3973202132,"""6917529097085547740""",Keep,Exotic,Hand Cannon,,708,Kinetic,,,Hunter(698),False,False,2,6,,4.2,116.0,100,85,80,54,60,150,46,9,86,0,0,0,,Mark of the Devourer*,Corkscrew Rifling*,Accurized Rounds*,Soul Devourer*,Textured Grip*,,,,,,,,,,1,1,1,1,4
66,Duke Mk. 44,2112909414,"""6917529097092269853""",Junk,Legendary,Hand Cannon,,714,Kinetic,Reload Speed,3.0,Hunter(698),False,False,2,4,,4.9,89.0,90,64,92,77,27,110,22,12,28,0,0,0,,Aggressive Frame*,TrueSight HCS,HitMark HCS,Sureshot HCS*,Opening Shot*,Extended Mag*,Appended Mag,Flared Magwell,Rampage*,Glacial Whisper*,Tier 3 Weapon*,,,,0,0,0,0,0
67,Bad Juju,2816212794,"""6917529097029808465""",Keep,Exotic,Pulse Rifle,calus,710,Kinetic,,,Hunter(698),False,False,2,7,,4.2,301.0,85,60,27,46,79,450,52,27,60,0,0,0,,String of Curses*,Hammer-Forged Rifling*,Steady Rounds*,Hip-Fire Grip*,Short-Action Stock*,Empty Catalyst Socket*,,,,,,,,,1,1,1,1,4
68,Better Devils,153979397,"""6917529097327220002""",Junk,Legendary,Hand Cannon,crucible,724,Kinetic,Reload Speed,5.0,Hunter(698),False,False,2,4,,3.5,49.0,88,75,84,55,57,140,50,10,55,0,0,0,,Adaptive Frame*,SteadyHand HCS*,TrueSight HCS,HitMark HCS,Accurized Rounds*,Drop Mag,Auto-Loading Holster*,Opening Shot*,Crucible Legacy*,Tier 5 Weapon*,,,,,0,0,0,0,0
69,The Cut and Run,3501969491,"""6917529097701290857""",Junk,Legendary,Scout Rifle,,709,Arc,Handling,3.0,Hunter(698),False,False,2,4,,2.1,8.0,80,37,67,75,36,150,37,15,33,0,0,0,,High-Impact Frame*,King Dot K2*,Dusk Dot D1,Appended Mag*,Flared Magwell,Auto-Loading Holster*,Triple Tap*,Glacial Whisper*,Tier 3 Weapon*,,,,,,0,0,0,0,0
70,Twilight Oath,3297863558,"""6917529097610577708""",Junk,Legendary,Sniper Rifle,dreaming,733,Solar,Stability,3.0,Hunter(698),False,False,2,4,,3.4,45.0,59,70,55,34,54,140,71,7,82,0,0,0,,Rapid-Fire Frame*,Fluted Barrel*,Smallbore,Tactical Mag*,Alloy Magazine,Firmly Planted*,Outlaw*,Burnished Dreams*,Tier 3 Weapon*,,,,,,0,0,0,0,0
71,Riskrunner,3089417789,"""6917529084749677368""",Junk,Exotic,Submachine Gun,,618,Arc,,,Hunter(698),False,False,1,1,,4.9,46.0,94,50,20,55,60,900,24,41,74,0,0,0,,Arc Conductor*,Arrowhead Brake*,Extended Mag*,Superconductor*,Short-Action Stock*,Electric Violet*,Riskrunner Catalyst*,,,,,,,,0,0,0,0,0
72,Fighting Lion,3549153978,"""6917529079751541305""",Junk,Exotic,Grenade Launcher,,650,Void,Reload Speed,10.0,Hunter(698),False,False,1,1,,4.7,85.0,60,80,0,0,78,72,82,1,100,0,0,0,,Delayed Gratification*,Countermass*,Implosion Rounds*,Thin the Herd*,Short-Action Stock*,Prideglass*,Fighting Lion Catalyst*,,,,,,,,0,0,0,0,0
73,Luna's Howl,153979396,"""6917529097625245418""",Junk,Legendary,Hand Cannon,crucible,726,Solar,Stability,10.0,Hunter(698),False,False,2,4,,1.2,211.0,95,79,80,47,79,150,86,10,42,0,0,0,,Precision Frame*,Polygonal Rifling*,Drop Mag*,Zen Moment*,Magnificent Howl*,Masterwork*,Tracker Disabled,Kill Tracker,Crucible Tracker*,,,,,,0,0,0,0,0
74,Lord of Wolves,3413860063,"""6917529097605790553""",Keep,Exotic,Shotgun,,703,Solar,,,Hunter(698),False,False,2,4,,3.4,235.0,80,80,68,28,59,640,64,6,46,0,0,0,,Shrapnel Launcher*,Chambered Compensator*,Extended Mag*,Release the Wolves*,Composite Stock*,,,,,,,,,,1,1,1,1,4
75,The Hero's Burden,1865351684,"""6917529097610575794""",Junk,Legendary,Submachine Gun,ironbanner,725,Void,Reload Speed,2.0,Hunter(698),False,False,2,5,,5.0,21.0,93,51,20,50,46,900,42,36,77,0,0,0,,Adaptive Frame*,SLO-12 Post*,SPO-57 Front,Extended Mag*,Light Mag,Zen Moment*,Kill Clip*,Tier 2 Weapon*,,,,,,,0,0,0,0,0
76,Thunderlord,3325463374,"""6917529082086461318""",Keep,Exotic,Machine Gun,,650,Arc,,,Hunter(698),False,False,2,4,,4.3,85.0,70,90,41,68,64,450,68,62,46,0,0,0,,Reign Havoc*,Polygonal Rifling*,Armor-Piercing Rounds*,Lightning Rounds*,Feeding Frenzy*,,,,,,,,,,1,1,1,1,4
77,Play of the Game,195440257,"""6917529097625245762""",Junk,Legendary,Grenade Launcher,crucible,725,Arc,Handling,4.0,Hunter(698),False,False,2,4,,3.1,46.0,70,65,0,0,50,120,51,6,39,0,0,0,,Adaptive Frame*,Volatile Launch*,Confined Launch,Linear Compensator,Spike Grenades*,Augmented Drum,Snapshot Sights*,Quickdraw*,Crucible Legacy*,Tier 4 Weapon*,,,,,0,0,0,0,0
78,Play of the Game,195440257,"""6917529097009674491""",Junk,Legendary,Grenade Launcher,crucible,721,Arc,Handling,2.0,Hunter(698),False,False,2,4,,3.2,44.0,70,65,0,0,50,120,51,6,55,0,0,0,,Adaptive Frame*,Volatile Launch,Countermass,Quick Launch*,Proximity Grenades,Spike Grenades*,Rangefinder*,Quickdraw*,Crucible Legacy*,Tier 2 Weapon*,,,,,0,0,0,0,0
79,Tractor Cannon,3580904581,"""6917529083814281735""",Junk,Exotic,Shotgun,,687,Void,Magazine,10.0,Hunter(698),False,False,1,1,,5.0,97.0,60,90,65,28,96,80,24,7,42,0,0,0,,Repulsor Force*,Extended Barrel*,Particle Repeater*,The Scientific Method*,Composite Stock*,Tractor Cannon Catalyst*,Upgrade Masterwork,,,,,,,,0,0,0,0,0
80,Roar of the Bear,308332265,"""6917529097612783478""",Junk,Legendary,Rocket Launcher,ironbanner,725,Solar,Velocity,2.0,Hunter(698),False,False,2,4,,5.0,7.0,45,71,0,0,52,15,68,1,82,0,0,0,,High-Impact Frame*,Quick Launch*,Smart Drift Control,Alloy Casing*,Implosion Rounds,Threat Detector*,Auto-Loading Holster*,Tier 2 Weapon*,,,,,,,0,0,0,0,0
81,D.A.R.C.I.,3141979346,"""6917529097007321146""",Junk,Exotic,Sniper Rifle,,709,Arc,Stability,10.0,Hunter(698),False,False,1,1,,4.9,38.0,100,60,55,46,96,140,46,7,82,0,0,0,,Personal Assistant*,Extended Barrel*,Extended Mag*,Target Acquired*,Short-Action Stock*,Mind of Its Own*,D.A.R.C.I. Catalyst*,Upgrade Masterwork,,,,,,,0,0,0,0,0
82,The Colony,3899270607,"""6917529097322436851""",Keep,Exotic,Grenade Launcher,,723,Void,,,Hunter(698),False,False,1,2,,3.7,28.0,80,60,0,0,91,140,73,7,86,0,0,0,,Insectoid Robot Grenades*,Linear Compensator*,High-Velocity Rounds*,Serve the Colony*,Composite Stock*,Colony Catalyst*,,,,,,,,,1,1,1,1,4
83,Through Fire and Flood,301362381,"""6917529097394119431""",Junk,Legendary,Grenade Launcher,,724,Arc,Blast Radius,2.0,Hunter(698),False,False,2,4,,4.1,10.0,77,69,0,0,56,120,54,7,60,0,0,0,,Adaptive Frame*,Confined Launch,Countermass*,Thermoplastic Grenades,Mini Frags*,Threat Detector*,Rampage*,Distant Earth*,Tier 2 Weapon*,,,,,,0,0,0,0,0
84,Black Talon,3766045777,"""6917529082630659547""",Keep,Exotic,Sword,,600,Void,,,Hunter(698),False,False,2,4,,4.8,26.0,0,0,64,46,0,0,0,62,0,0,0,0,,Crow's Wings*,Tempered Edge*,Heavy Guard*,Tireless Blade*,,,,,,,,,,,1,1,1,1,4
85,The Mountaintop,3993415705,"""6917529097625243622""",nan,Legendary,Grenade Launcher,crucible,726,Kinetic,Velocity,10.0,Hunter(698),False,True,2,5,,4.8,262.0,62,75,0,0,31,90,67,1,72,0,0,0,,Lightweight Frame*,Hard Launch*,Volatile Launch,Spike Grenades*,Sticky Grenades,Rangefinder*,Micro-Missile*,Targeting Adjuster*,Masterwork*,Tracker Disabled*,Kill Tracker,Crucible Tracker,,,0,0,1,0,1
86,The Recluse,3354242550,"""6917529097615704543""",nan,Legendary,Submachine Gun,crucible,730,Void,Range,10.0,Hunter(698),False,True,2,6,,4.8,467.0,100,55,15,54,70,900,35,36,67,0,0,0,,Lightweight Frame*,Polygonal Rifling*,Ricochet Rounds*,Feeding Frenzy*,Master of Arms*,Masterwork*,Tracker Disabled,Kill Tracker*,Crucible Tracker,,,,,,1,0,1,1,3
87,The Wardcliff Coil,1508896098,"""6917529087250466213""",Junk,Exotic,Rocket Launcher,,630,Arc,,,Hunter(698),False,True,1,1,,4.8,53.0,60,80,0,0,60,60,37,1,82,0,0,0,,Mad Scientist*,Volatile Launch*,Extended Mag*,Mechanized Autoloader*,Composite Stock*,Tesla's Revenge,Wardcliff Coil Catalyst*,,,,,,,,0,0,0,0,0
88,Subtle Calamity,3410721600,"""6917529096354665326""",Junk,Legendary,Combat Bow,,655,Void,Handling,3.0,Vault,False,False,2,4,,4.9,38.0,60,70,76,0,42,0,46,0,55,0,800,90,,Precision Frame*,High Tension String*,Polymer String,Compact Arrow Shaft*,Fiberglass Arrow Shaft,Moving Target*,Explosive Head*,Distant Earth*,Tier 3 Weapon*,,,,,,0,0,0,0,0
89,Atalanta-D,2414612777,"""6917529048717922188""",Junk,Legendary,Submachine Gun,nessus,330,Kinetic,Reload Speed,10.0,Vault,False,False,1,2,,5.0,3.0,82,54,25,57,59,600,36,27,31,0,0,0,,Precision Frame*,GA Post,SD Thermal*,Extended Mag,Steady Rounds*,Tap the Trigger*,Masterwork Weapon*,,,,,,,,0,0,0,0,0
90,Wicked Sister,2168486467,"""6917529046872227592""",Junk,Legendary,Grenade Launcher,strikes,300,Void,,,Vault,False,False,1,1,,1.0,1.0,64,70,0,0,52,120,56,5,55,0,0,0,,Adaptive Frame*,Countermass*,Quick Launch,Confined Launch,High-Velocity Rounds*,Remote Detonation,Auto-Loading Holster*,Masterwork Upgrade*,,,,,,,0,0,0,0,0
91,Trackless Waste,2681395357,"""6917529080458152601""",Junk,Legendary,Submachine Gun,tangled,573,Kinetic,Stability,1.0,Vault,False,False,2,4,,3.7,24.0,85,52,20,53,55,900,55,34,58,0,0,0,,Adaptive Frame*,Wolf Sight W1,Dusk Sight D1*,Armor-Piercing Rounds*,Ricochet Rounds,Slideways*,Kill Clip*,Tangled Rust*,Tier 1 Weapon*,,,,,,0,0,0,0,0
92,Curtain Call,137879537,"""6917529042431274663""",Junk,Legendary,Rocket Launcher,strikes,311,Arc,,,Vault,False,False,1,1,,5.0,3.0,67,27,0,0,31,25,73,1,22,0,0,0,,Aggressive Frame*,Volatile Launch*,Hard Launch,Countermass,High-Velocity Rounds*,Black Powder,Cluster Bomb*,Calus's Selected*,Masterwork Upgrade*,,,,,,0,0,0,0,0
93,The Long Walk,174804902,"""6917529046403435933""",Junk,Legendary,Sniper Rifle,trials,319,Void,,,Vault,False,False,1,1,,5.0,6.0,76,48,90,80,37,72,41,3,31,0,0,0,,Aggressive Frame*,Chambered Compensator*,Corkscrew Rifling,Polygonal Rifling,Slideshot*,Outlaw,Quickdraw*,Masterwork Upgrade*,,,,,,,0,0,0,0,0
94,It Stared Back,1018072983,"""6917529042932187430""",Junk,Legendary,Sword,calus,317,Solar,,,Vault,False,False,1,1,,5.0,3.0,0,0,62,46,0,0,0,64,0,0,0,0,,Adaptive Frame*,Hungry Edge*,Jagged Edge,Enduring Guard*,Burst Guard,Whirlwind Blade*,Relentless Strikes*,Masterwork Upgrade*,,,,,,,0,0,0,0,0
95,MIDA Mini-Tool,3089417788,"""6917529041277281495""",Keep,Legendary,Submachine Gun,edz,300,Solar,,,Vault,False,False,1,1,,4.1,4.0,80,49,15,37,59,900,38,37,82,0,0,0,,Lightweight Frame*,Fluted Barrel*,Alloy Magazine*,MIDA Synergy*,Masterwork Upgrade*,,,,,,,,,,1,1,1,1,4
96,Unspoken Promise,287042894,"""6917529044747815192""",Junk,Legendary,Sword,io,294,Arc,,,Vault,False,False,1,1,,,,0,0,62,46,0,0,0,64,0,0,0,0,,Adaptive Frame*,Hungry Edge*,Honed Edge,Balanced Guard*,Burst Guard,Relentless Strikes*,Masterwork Upgrade*,,,,,,,,0,0,0,0,0
97,Loaded Question,580961571,"""6917529096375665739""",nan,Legendary,Fusion Rifle,strikes,692,Arc,Stability,10.0,Vault,False,False,2,5,,4.8,179.0,77,66,95,62,42,0,10,7,42,860,0,0,,High-Impact Frame*,Red Dot 2 MOA*,Ionized Battery*,Auto-Loading Holster*,Reservoir Burst*,Masterwork*,Tracker Disabled,Kill Tracker*,Crucible Tracker,,,,,,1,0,1,1,3
98,Vestian Dynasty,3334276332,"""6917529088883111038""",Junk,Legendary,Sidearm,,599,Arc,Handling,1.0,Vault,False,False,2,4,,4.4,17.0,99,90,51,64,42,260,29,12,36,0,0,0,,Precision Frame*,Extended Barrel*,Chambered Compensator,Alloy Magazine*,Armor-Piercing Rounds,Kill Clip*,Dragonfly*,Glacial Whisper*,Tier 1 Weapon*,"Yes, Queen",,,,,0,0,0,0,0
99,The Jade Rabbit,3844694310,"""6917529088566642753""",Keep,Exotic,Scout Rifle,,630,Kinetic,Stability,10.0,Vault,False,False,1,2,,2.6,77.0,100,80,67,86,82,150,59,10,29,0,0,0,,The Fate of All Fools*,Polygonal Rifling*,Armor-Piercing Rounds*,Zen Moment*,Jade Rabbit Catalyst*,Upgrade Masterwork,,,,,,,,,1,1,1,1,4
100,Long Shadow,3745990145,"""6917529079316436905""",Junk,Legendary,Sniper Rifle,strikes,600,Kinetic,Handling,10.0,Vault,True,False,2,4,,3.7,47.0,47,59,70,54,48,90,46,4,67,0,0,0,,Adaptive Frame*,ATD Raptor,ATA Scout*,Drop Mag,Alloy Magazine*,Snapshot Sights*,Explosive Payload*,Precursor Vex Chrome*,Counterbalance Stock*,Masterwork*,Tracker Disabled,Kill Tracker,Crucible Tracker*,,0,0,0,0,0
101,Prosecutor,1909527966,"""6917529044912526909""",Junk,Legendary,Auto Rifle,trials,323,Arc,,,Vault,False,False,1,1,,5.0,1.0,69,34,29,68,52,450,50,32,56,0,0,0,,Precision Frame*,Chambered Compensator,Corkscrew Rifling*,Polygonal Rifling,Slideways*,Tap the Trigger,Hip-Fire Grip*,Masterwork Upgrade*,,,,,,,0,0,0,0,0
102,The Last Breath,1503609584,"""6917529046403440145""",Junk,Legendary,Auto Rifle,trials,329,Kinetic,,,Vault,False,False,1,2,,5.0,2.0,56,67,21,57,49,600,56,43,61,0,0,0,,Adaptive Frame*,Extended Barrel*,Full Bore,Chambered Compensator,Slideshot*,Dynamic Sway Reduction,Ambitious Assassin*,Masterwork Upgrade*,,,,,,,0,0,0,0,0
103,Roar of the Bear,308332265,"""6917529082303940198""",Junk,Legendary,Rocket Launcher,ironbanner,631,Solar,Blast Radius,1.0,Vault,False,False,2,4,,5.0,11.0,45,71,0,0,52,15,68,1,64,0,0,0,,High-Impact Frame*,Volatile Launch*,Quick Launch,Alloy Casing*,Implosion Rounds,Tracking Module*,Quickdraw*,Tier 1 Weapon*,,,,,,,0,0,0,0,0
104,The Huckleberry,2286143274,"""6917529080351523149""",Junk,Exotic,Submachine Gun,,600,Kinetic,,,Vault,False,False,1,3,,4.7,156.0,100,49,22,58,56,750,10,37,87,0,0,0,,Ride the Bull*,Fluted Barrel*,Ricochet Rounds*,Rampage*,Short-Action Stock*,Huckleberry Catalyst*,Upgrade Masterwork,,,,,,,,0,0,0,0,0
105,Badlander,1327264046,"""6917529097211291567""",Junk,Legendary,Shotgun,,716,Arc,Range,2.0,Vault,False,False,2,4,,5.0,17.0,70,66,65,45,49,140,75,8,38,0,0,0,,Rapid-Fire Frame*,Rifled Barrel*,Smoothbore,Tactical Mag*,Steady Rounds,Slideshot*,Snapshot Sights*,Distant Earth*,Tier 2 Weapon*,,,,,,0,0,0,0,0
106,Bygones,2712244741,"""6917529096832214475""",Junk,Legendary,Pulse Rifle,gambit,706,Kinetic,Stability,1.0,Vault,True,False,2,4,,5.0,88.0,69,61,29,71,51,390,51,38,47,0,0,0,,Adaptive Frame*,Full Bore*,Polygonal Rifling,High-Caliber Rounds*,Flared Magwell,High-Impact Reserves*,Headseeker*,Gambit Leather*,Tier 1 Weapon*,,,,,,0,0,0,0,0
107,Long Shadow,3745990145,"""6917529088663674837""",Junk,Legendary,Sniper Rifle,strikes,578,Kinetic,Handling,1.0,Vault,False,False,2,4,,1.4,24.0,47,59,70,63,48,90,28,5,38,0,0,0,,Adaptive Frame*,ATB Long Range*,ATC Rex,Extended Mag*,Alloy Magazine,Threat Detector*,Ambitious Assassin*,Vanguard Veteran*,Tier 1 Weapon*,,,,,,0,0,0,0,0
108,Duke Mk. 44,2112909414,"""6917529085130704403""",Junk,Legendary,Hand Cannon,,635,Kinetic,Stability,6.0,Vault,True,False,2,4,,4.9,81.0,90,64,92,78,37,110,37,9,32,0,0,0,,Aggressive Frame*,Fastdraw HCS,TrueSight HCS,Crossfire HCS*,Zen Moment*,Armor-Piercing Rounds*,High-Caliber Rounds,Ricochet Rounds,Kill Clip*,New Age Black Armory*,Tier 6 Weapon*,Tracker Disabled,Kill Tracker*,Crucible Tracker,0,0,0,0,0
109,Death by Scorn,3334276333,"""6917529081517748874""",Junk,Legendary,Sidearm,,572,Void,Handling,2.0,Vault,False,False,2,4,,4.4,10.0,91,88,56,61,56,325,30,25,44,0,0,0,,Aggressive Burst*,Shortspec SAS*,Ricochet Rounds*,Headseeker*,Zen Moment,Full Auto Trigger System*,Distant Earth*,Tier 2 Weapon*,,,,,,,0,0,0,0,0
110,Fate Cries Foul,1684914716,"""6917529082013091382""",Junk,Legendary,Sniper Rifle,crucible,723,Void,Range,10.0,Vault,False,False,2,4,,3.2,57.0,48,60,70,66,47,90,44,4,56,0,0,0,,Adaptive Frame*,Zoom 30 Focus,Zoom 10 Point*,Alloy Magazine,High-Caliber Rounds*,Snapshot Sights*,Moving Target*,Cerulean Divide*,Counterbalance Stock*,Masterwork*,Tracker Disabled,Kill Tracker,Crucible Tracker*,,0,0,0,0,0
111,Translation Theory,1843044398,"""6917529079917479827""",Junk,Legendary,Sidearm,,650,Solar,Stability,1.0,Vault,False,False,2,4,,5.0,3.0,96,81,49,44,68,300,50,15,50,0,0,0,,Adaptive Frame*,Shortspec SAS,Target SAS*,Extended Mag,Flared Magwell*,Full Auto Trigger System*,Opening Shot*,Distant Earth*,Tier 1 Weapon*,,,,,,0,0,0,0,0
112,No Turning Back,720351794,"""6917529079370494071""",Junk,Legendary,Combat Bow,,410,Kinetic,Accuracy,1.0,Vault,False,False,2,4,,5.0,20.0,72,66,76,0,44,0,46,0,59,0,800,99,,Precision Frame*,High Tension String*,Fiberglass Arrow Shaft*,Explosive Head*,Snapshot Sights,Hip-Fire Grip*,Tier 1 Weapon*,,,,,,,,0,0,0,0,0
113,Uriel's Gift,3762467076,"""6917529085111717325""",Junk,Legendary,Auto Rifle,nessus,605,Arc,,,Vault,False,False,1,1,,5.0,6.0,71,44,29,71,45,450,46,33,54,0,0,0,,Precision Frame*,Spark PS*,Flash HS5,High-Caliber Rounds*,Steady Rounds,Tap the Trigger*,Masterwork Upgrade*,,,,,,,,0,0,0,0,0
114,Hard Truths,105567493,"""6917529086808391470""",Junk,Legendary,Submachine Gun,crucible,654,Kinetic,Stability,1.0,Vault,False,False,2,4,,1.0,20.0,80,27,22,50,16,750,28,27,61,0,0,0,,Aggressive Frame*,IS 2 Classic*,Model 8 Red,Alloy Magazine*,Appended Mag,Slideways*,Field Prep,Kill Clip*,Crucible Legacy*,Tier 1 Weapon*,,,,,0,0,0,0,0
115,Parcel of Stardust,2217366863,"""6917529085344524924""",Junk,Legendary,Shotgun,gambit,632,Kinetic,Stability,1.0,Vault,False,False,2,4,,5.0,32.0,53,52,65,69,46,80,60,6,58,0,0,0,,Lightweight Frame*,Rifled Barrel*,Barrel Shroud,Appended Mag,Accurized Rounds*,Opening Shot*,Pulse Monitor*,Precursor Vex Chrome*,Tier 1 Weapon*,Meteor Shower*,Fell to Earth,,,,0,0,0,0,0
116,Swift Ride XE8375,1386601612,"""6917529096994747084""",Junk,Legendary,Pulse Rifle,blackarmory,676,Arc,Stability,5.0,Vault,False,False,2,5,,3.8,17.0,70,65,29,50,66,390,73,38,46,0,0,0,,Adaptive Frame*,SRO-41 Ocular*,SPO-26 Front,Drop Mag*,Extended Mag,Grave Robber*,Full Auto Trigger System*,Refurbished Black Armory*,Tier 5 Weapon*,,,,,,0,0,0,0,0
117,Tango-45 XK5094,20025671,"""6917529085779057347""",Junk,Legendary,Scout Rifle,blackarmory,621,Solar,Stability,5.0,Vault,False,False,2,5,,5.0,5.0,69,65,62,68,55,180,44,16,42,0,0,0,,Precision Frame*,SRO-37 Ocular*,SPO-57 Front,SPO-26 Front,Accurized Rounds*,Steady Rounds,Hip-Fire Grip*,Opening Shot*,Refurbished Black Armory*,Tier 5 Weapon*,,,,,0,0,0,0,0
118,Niflheim Frost,1350102270,"""6917529080388554216""",Junk,Legendary,Scout Rifle,mars,340,Kinetic,,,Vault,False,False,1,3,,5.0,1.0,80,62,62,60,38,180,48,18,46,0,0,0,,Precision Frame*,Chambered Compensator,Full Bore*,Polygonal Rifling,Appended Mag*,Drop Mag,Kill Clip,Opening Shot*,Masterwork Upgrade*,,,,,,0,0,0,0,0
119,The Queenbreaker,2044500762,"""6917529084827824436""",Junk,Exotic,Linear Fusion Rifle,,627,Arc,,,Vault,False,False,2,4,,1.0,34.0,60,60,20,55,91,0,64,6,50,300,0,0,,Wire Rifle*,Marksman Sights,Combat Sights*,Enhanced Battery*,Hip-Fire Grip,Quickdraw*,Fitted Stock*,,,,,,,,0,0,0,0,0
120,Distant Relation,2034817450,"""6917529088839122797""",Junk,Legendary,Scout Rifle,gambit,650,Solar,Range,1.0,Vault,False,False,2,4,,5.0,21.0,58,61,62,43,68,180,45,16,55,0,0,0,,Precision Frame*,Arrowhead Brake*,Fluted Barrel,Steady Rounds*,Flared Magwell,Full Auto Trigger System*,Moving Target*,Gambit Leather*,Tier 1 Weapon*,Next of Kin,,,,,0,0,0,0,0
121,18 Kelvins,1798874854,"""6917529086280461592""",Junk,Legendary,Sidearm,mars,627,Arc,,,Vault,False,False,1,3,,5.0,9.0,92,80,49,62,72,300,36,15,58,0,0,0,,Adaptive Frame*,Hammer-Forged Rifling*,Fluted Barrel,Smallbore,Accurized Rounds*,Tactical Mag,Kill Clip*,Opening Shot,Masterwork Upgrade*,,,,,,0,0,0,0,0
122,Baligant,731147179,"""6917529081217413078""",Junk,Legendary,Shotgun,io,572,Kinetic,,,Vault,False,False,1,1,,1.4,7.0,72,28,80,24,42,55,37,5,30,0,0,0,,Aggressive Frame*,Full Choke*,Rifled Barrel,Steady Rounds*,Flared Magwell,Snapshot Sights*,Masterwork Upgrade*,,,,,,,,0,0,0,0,0
123,Waking Vigil,334171687,"""6917529086746345678""",Junk,Legendary,Hand Cannon,dreaming,635,Arc,Reload Speed,4.0,Vault,False,False,2,4,,5.0,20.0,98,85,80,38,53,150,46,14,76,0,0,0,,Lightweight Frame*,SteadyHand HCS*,Crossfire HCS,Extended Mag*,Alloy Magazine,Triple Tap*,Snapshot Sights*,Burnished Dreams*,Tier 4 Weapon*,,,,,,0,0,0,0,0
124,Mos Epoch III,417474225,"""6917529085743020321""",Junk,Legendary,Rocket Launcher,nessus,623,Arc,,,Vault,False,False,1,1,,,,54,32,0,0,51,25,57,1,35,0,0,0,,Aggressive Frame*,Countermass*,Volatile Launch,Smart Drift Control,Implosion Rounds*,Black Powder,Quickdraw*,Masterwork Upgrade*,,,,,,,0,0,0,0,0
125,Talons of the Eagle,1982711279,"""6917529082013090063""",Junk,Legendary,Scout Rifle,ironbanner,600,Kinetic,Reload Speed,2.0,Vault,False,False,2,4,,4.7,20.0,71,30,67,80,41,150,50,15,24,0,0,0,,High-Impact Frame*,Arrowhead Brake,Extended Barrel*,Accurized Rounds,Tactical Mag*,Outlaw*,Explosive Payload*,Major Spec*,Tier 2 Weapon*,,,,,,0,0,0,0,0
126,Badlander,1327264046,"""6917529085739821566""",Junk,Legendary,Shotgun,,616,Arc,Stability,2.0,Vault,False,False,2,4,,4.8,18.0,70,66,65,48,46,140,66,8,51,0,0,0,,Rapid-Fire Frame*,Smoothbore*,Full Choke,Appended Mag*,Extended Mag,Slideshot*,Quickdraw*,Glacial Whisper*,Tier 2 Weapon*,,,,,,0,0,0,0,0
127,Better Devils,153979397,"""6917529088658096409""",Junk,Legendary,Hand Cannon,crucible,599,Kinetic,Stability,5.0,Vault,False,False,2,4,,3.1,41.0,88,75,84,55,61,140,46,10,55,0,0,0,,Adaptive Frame*,SteadyHand HCS*,HitMark HCS,Crossfire HCS,Accurized Rounds*,Extended Mag,Threat Detector*,Field Prep*,Crucible Legacy*,Tier 5 Weapon*,,,,,0,0,0,0,0
128,Bad Omens,991314988,"""6917529084598658175""",Junk,Legendary,Rocket Launcher,gambit,632,Void,Velocity,1.0,Vault,False,False,2,4,,5.0,18.0,76,34,0,0,16,25,65,1,28,0,0,0,,Aggressive Frame*,Hard Launch*,Linear Compensator,Black Powder*,Implosion Rounds,Tracking Module*,Kill Clip*,Gambit Leather*,Tier 1 Weapon*,Foretelling,,,,,0,0,0,0,0
129,Better Devils,153979397,"""6917529088666850394""",Junk,Legendary,Hand Cannon,crucible,599,Kinetic,Stability,1.0,Vault,False,False,2,4,,3.4,51.0,88,75,84,46,58,140,55,11,60,0,0,0,,Adaptive Frame*,Fastdraw HCS*,SteadyHand HCS,Crossfire HCS,Tactical Mag*,Steady Rounds,Snapshot Sights*,Kill Clip*,Crucible Legacy*,Tier 1 Weapon*,,,,,0,0,0,0,0
130,Pribina-D,4211534763,"""6917529080107464443""",Junk,Legendary,Hand Cannon,gunsmith,535,Kinetic,Reload Speed,1.0,Vault,False,False,2,4,,4.5,6.0,80,63,92,55,38,110,36,7,39,0,0,0,,Aggressive Frame*,Fastdraw HCS*,Crossfire HCS,Steady Rounds*,Alloy Magazine,Threat Detector*,Zen Moment*,Tier 1 Weapon*,,,,,,,0,0,0,0,0
131,Nameless Midnight,3040742682,"""6917529088666851734""",Junk,Legendary,Scout Rifle,strikes,599,Kinetic,Stability,1.0,Vault,False,False,2,4,,4.2,11.0,79,62,62,52,59,180,50,16,37,0,0,0,,Precision Frame*,Rifle Scope ST*,Rifle Scope SSF,Red Dot Micro,Steady Rounds*,Flared Magwell,Auto-Loading Holster*,Outlaw*,Vanguard Veteran*,Tier 1 Weapon*,,,,,0,0,0,0,0
132,Abide the Return,1644160541,"""6917529086805507345""",Junk,Legendary,Sword,dreaming,631,Solar,Impact,4.0,Vault,False,False,2,4,,4.4,11.0,0,0,64,46,0,0,0,64,0,0,0,0,,Adaptive Frame*,Hungry Edge*,Jagged Edge,Burst Guard*,Swordmaster's Guard,Relentless Strikes*,Tireless Blade,En Garde*,Burnished Dreams*,Tier 4 Weapon*,,,,,0,0,0,0,0
133,Fate Cries Foul,1684914716,"""6917529088663678093""",Junk,Legendary,Sniper Rifle,crucible,578,Void,Handling,2.0,Vault,False,False,2,4,,3.2,57.0,48,60,70,61,47,90,44,4,40,0,0,0,,Adaptive Frame*,Zoom 30 Focus*,Zoom 10 Point,Alloy Magazine*,High-Caliber Rounds,Genesis*,Rampage*,Crucible Legacy*,Tier 2 Weapon*,,,,,,0,0,0,0,0
134,Crooked Fang-4fr,3419149443,"""6917529086763265000""",Junk,Legendary,Linear Fusion Rifle,gunsmith,621,Void,Reload Speed,2.0,Vault,False,False,2,4,,5.0,2.0,65,61,41,34,41,0,37,6,50,533,0,0,,Precision Frame*,Fluted Barrel*,Polygonal Rifling,Enhanced Battery*,Ionized Battery,Auto-Loading Holster*,Genesis*,Tier 2 Weapon*,,,,,,,0,0,0,0,0
135,Atalanta-D XG1992,2422664927,"""6917529084752233490""",Junk,Legendary,Submachine Gun,blackarmory,596,Kinetic,Stability,1.0,Vault,False,False,2,5,,5.0,10.0,82,54,25,68,55,600,27,27,26,0,0,0,,Precision Frame*,SD Thermal,SC Holo*,Alloy Magazine,Ricochet Rounds*,Slideways*,Grave Robber*,Refurbished Black Armory*,Tier 1 Weapon*,,,,,,0,0,0,0,0
136,Baligant XU7743,3461377698,"""6917529084813274409""",Junk,Legendary,Shotgun,blackarmory,599,Kinetic,Handling,2.0,Vault,False,False,2,5,,1.9,4.0,72,28,80,28,47,55,37,5,36,0,0,0,,Aggressive Frame*,Barrel Shroud,Corkscrew Rifling*,Appended Mag,Steady Rounds*,Full Auto Trigger System*,Moving Target*,New Age Black Armory*,Tier 2 Weapon*,,,,,,0,0,0,0,0
137,Vestian Dynasty,3334276332,"""6917529086925052605""",Junk,Legendary,Sidearm,,633,Arc,Handling,2.0,Vault,False,False,2,4,,4.4,17.0,99,90,51,64,42,260,29,12,37,0,0,0,,Precision Frame*,Extended Barrel*,Chambered Compensator,Alloy Magazine*,Armor-Piercing Rounds,Kill Clip*,Dragonfly*,Glacial Whisper*,Tier 2 Weapon*,"Yes, Queen",,,,,0,0,0,0,0
138,Anonymous Autumn,3222518097,"""6917529088666845076""",Junk,Legendary,Sidearm,crucible,599,Solar,Range,4.0,Vault,False,False,2,4,,4.2,10.0,99,67,43,40,54,360,50,15,78,0,0,0,,Lightweight Frame*,QuickDot SAS*,FarPoint SAS,Armor-Piercing Rounds*,Flared Magwell,Threat Detector*,Kill Clip*,Crucible Legacy*,Tier 4 Weapon*,,,,,,0,0,0,0,0
139,IKELOS_HC_v1.0.1,3866356643,"""6917529080339856685""",Junk,Legendary,Hand Cannon,mars,340,Void,,,Vault,False,False,1,3,,4.7,9.0,91,75,78,39,64,180,40,9,53,0,0,0,,Precision Frame*,Corkscrew Rifling,Smallbore,Fluted Barrel*,Seraph Rounds*,Rampage,Threat Detector*,Masterwork Upgrade*,,,,,,,0,0,0,0,0
140,Crimil's Dagger,4292849692,"""6917529086018702991""",Junk,Legendary,Hand Cannon,ironbanner,618,Kinetic,Handling,4.0,Vault,False,False,2,5,,4.9,19.0,98,67,92,64,35,110,32,10,48,0,0,0,,Aggressive Frame*,Fastdraw HCS*,HitMark HCS,Appended Mag*,Tactical Mag,Snapshot Sights*,Kill Clip*,Tier 4 Weapon*,,,,,,,0,0,0,0,0
140,Crimil's Dagger,4292849692,"""6917529086018702991""",nan,Legendary,Hand Cannon,ironbanner,618,Kinetic,Handling,4.0,Vault,False,False,2,5,,4.9,19.0,98,67,92,64,35,110,32,10,48,0,0,0,,Aggressive Frame*,Fastdraw HCS*,HitMark HCS,Appended Mag*,Tactical Mag,Snapshot Sights*,Kill Clip*,Tier 4 Weapon*,,,,,,,1,0,0,0,1
141,Arsenic Bite-4b,720351795,"""6917529079920366881""",Junk,Legendary,Combat Bow,,612,Arc,Draw Time,2.0,Vault,False,False,2,4,,4.8,27.0,51,81,68,0,71,0,64,0,64,0,632,56,,Lightweight Frame*,Polymer String*,Carbon Arrow Shaft*,Explosive Head*,Rampage*,Vibrant Beach*,Targeting Adjuster*,Tier 2 Weapon*,,,,,,,0,0,0,0,0
142,Antiope-D,2561659919,"""6917529079731969158""",Junk,Legendary,Submachine Gun,gunsmith,454,Kinetic,Reload Speed,4.0,Vault,False,False,2,4,,5.0,9.0,90,58,25,65,39,600,13,30,38,0,0,0,,Precision Frame*,GA Post*,SC Holo,Extended Mag*,Appended Mag,Snapshot Sights*,Threat Detector*,Tier 4 Weapon*,,,,,,,0,0,0,0,0
143,The Spiteful Fang,421573768,"""6917529085749176205""",Junk,Legendary,Combat Bow,blackarmory,641,Kinetic,Reload Speed,1.0,Vault,False,False,2,5,,4.9,17.0,50,76,68,0,55,0,65,0,78,0,680,68,,Lightweight Frame*,Tactile String,Natural String*,Fiberglass Arrow Shaft*,Natural Fletching,Sneak Bow*,Hip-Fire Grip*,New Age Black Armory*,Tier 1 Weapon*,Base Radiance*,,,,,0,0,0,0,0
144,Elatha FR4,4105447487,"""6917529085790534606""",Junk,Legendary,Fusion Rifle,mercury,617,Solar,,,Vault,False,False,1,2,,5.0,2.0,62,58,95,57,32,0,24,6,41,860,0,0,,High-Impact Frame*,Candle PS*,Flash HS5,Enhanced Battery*,Projection Fuse,Field Prep*,Masterwork Upgrade*,,,,,,,,0,0,0,0,0
145,Breakneck,324382200,"""6917529084758499571""",nan,Legendary,Auto Rifle,gambit,620,Kinetic,Range,10.0,Vault,False,False,2,5,,4.2,187.0,80,44,29,77,60,450,33,40,43,0,0,0,,Precision Frame*,Polygonal Rifling*,Extended Mag*,Rampage*,Onslaught*,Gambit Duds*,Masterwork*,Tracker Disabled,Kill Tracker*,Crucible Tracker,,,,,1,0,1,1,3
146,Sol Pariah 6,3991544422,"""6917529085790541334""",Junk,Legendary,Submachine Gun,mercury,617,Arc,,,Vault,False,False,1,2,,5.0,2.0,89,50,15,38,58,900,50,37,70,0,0,0,,Lightweight Frame*,Arrowhead Brake*,Chambered Compensator,Smallbore,Flared Magwell*,Phase Magazine,Ricochet Rounds,Grave Robber*,Masterwork Upgrade*,,,,,,0,0,0,0,0
147,Erentil FR4,3027844941,"""6917529088883109599""",Junk,Legendary,Fusion Rifle,gunsmith,599,Void,Range,1.0,Vault,False,False,2,4,,5.0,97.0,60,65,100,68,30,0,28,5,22,900,0,0,,High-Impact Frame*,Transmission MS7*,Jolt PS,Liquid Coils*,Projection Fuse,Firmly Planted*,High-Impact Reserves*,Tier 1 Weapon*,,,,,,,0,0,0,0,0
148,Zenobia-D,3776129137,"""6917529080339858659""",Junk,Legendary,Rocket Launcher,gunsmith,600,Arc,Blast Radius,4.0,Vault,False,False,2,4,,4.7,24.0,45,61,0,0,65,15,28,1,45,0,0,0,,Häkke Precision Frame*,Linear Compensator*,Quick Launch,Implosion Rounds*,Impact Casing,Snapshot Sights*,Cluster Bomb*,Tier 4 Weapon*,,,,,,,0,0,0,0,0
149,Breath of the Dragon,1357080535,"""6917529086110837638""",Junk,Legendary,Submachine Gun,ironbanner,625,Arc,Handling,2.0,Vault,False,False,2,4,,5.0,8.0,93,50,15,36,47,900,33,36,77,0,0,0,,Lightweight Frame*,Arrowhead Brake*,Chambered Compensator,High-Caliber Rounds*,Flared Magwell,Zen Moment*,High-Impact Reserves*,Tier 2 Weapon*,,,,,,,0,0,0,0,0
150,Badlander,1327264046,"""6917529088930301032""",Junk,Legendary,Shotgun,,650,Arc,Handling,2.0,Vault,False,False,2,4,,5.0,19.0,70,66,65,43,44,140,66,8,40,0,0,0,,Rapid-Fire Frame*,Rifled Barrel*,Full Choke,Appended Mag*,Steady Rounds,Moving Target*,Auto-Loading Holster*,Distant Earth*,Tier 2 Weapon*,,,,,,0,0,0,0,0
151,Distant Relation,2034817450,"""6917529096214902178""",Junk,Legendary,Scout Rifle,gambit,662,Solar,Stability,3.0,Vault,False,False,2,4,,4.8,17.0,58,61,62,60,48,180,72,16,42,0,0,0,,Precision Frame*,Full Bore*,Smallbore,Drop Mag*,Appended Mag,Triple Tap*,Opening Shot*,Gambit Leather*,Tier 3 Weapon*,Next of Kin,,,,,0,0,0,0,0
152,Through Fire and Flood,301362381,"""6917529085776651240""",Junk,Legendary,Grenade Launcher,,610,Arc,Velocity,3.0,Vault,False,False,2,4,,3.8,11.0,77,69,0,0,56,120,45,6,47,0,0,0,,Adaptive Frame*,Volatile Launch*,Confined Launch,Thermoplastic Grenades*,Alloy Casing,Rangefinder*,Rampage*,Distant Earth*,Tier 3 Weapon*,,,,,,0,0,0,0,0
153,Avalanche,66875353,"""6917529085618568724""",Junk,Legendary,Machine Gun,,616,Solar,Reload Speed,3.0,Vault,False,False,2,5,The Dawning,3.9,23.0,70,90,41,68,46,450,62,66,31,0,0,0,,Adaptive Frame*,SPO-57 Front*,SPO-28 Front,Appended Mag*,Light Mag,Dynamic Sway Reduction*,Rampage*,Tier 3 Weapon*,,,,,,,0,0,0,0,0
154,Zenobia-D,3776129137,"""6917529088886069959""",Junk,Legendary,Rocket Launcher,gunsmith,589,Arc,Handling,1.0,Vault,False,False,2,4,,4.7,20.0,45,61,0,0,38,15,55,1,42,0,0,0,,Häkke Precision Frame*,Volatile Launch*,Confined Launch,Alloy Casing*,Impact Casing,Snapshot Sights*,Ambitious Assassin*,Tier 1 Weapon*,,,,,,,0,0,0,0,0
155,Zenobia-D,3776129137,"""6917529086209060235""",Junk,Legendary,Rocket Launcher,gunsmith,622,Arc,Blast Radius,5.0,Vault,False,False,2,4,,4.8,16.0,45,61,0,0,29,15,28,1,45,0,0,0,,Häkke Precision Frame*,Hard Launch*,Linear Compensator,Black Powder*,Impact Casing,Auto-Loading Holster*,Kill Clip*,Tier 5 Weapon*,,,,,,,0,0,0,0,0
156,Distant Relation,2034817450,"""6917529082675777883""",Junk,Legendary,Scout Rifle,gambit,583,Solar,Stability,2.0,Vault,False,False,2,4,,5.0,15.0,58,61,62,47,56,180,45,18,55,0,0,0,,Precision Frame*,Arrowhead Brake*,Polygonal Rifling,Appended Mag*,Steady Rounds,Outlaw*,Opening Shot*,Gambit Leather*,Tier 2 Weapon*,Next of Kin,,,,,0,0,0,0,0
157,Ten Paces,2112909415,"""6917529096360695011""",Junk,Legendary,Hand Cannon,,661,Kinetic,Reload Speed,3.0,Vault,False,False,2,4,,3.3,19.0,87,71,84,46,62,140,31,13,53,0,0,0,,Adaptive Frame*,SteadyHand HCS*,Crossfire HCS,Extended Mag*,Steady Rounds,Auto-Loading Holster*,Opening Shot*,Distant Earth*,Tier 3 Weapon*,,,,,,0,0,0,0,0
158,Ether Doctor,1839565992,"""6917529086805510152""",Junk,Legendary,Auto Rifle,tangled,634,Kinetic,Reload Speed,1.0,Vault,False,False,2,4,,4.9,16.0,47,61,21,56,46,600,40,49,60,0,0,0,,Adaptive Frame*,Dusk Scope D2*,Dusk Dot D1,Extended Mag*,Appended Mag,Dynamic Sway Reduction*,Slideways*,Tangled Rust*,Tier 1 Weapon*,,,,,,0,0,0,0,0
159,Hazard of the Cast,1789347249,"""6917529085139576454""",Junk,Legendary,Auto Rifle,gambit,614,Kinetic,Reload Speed,3.0,Vault,False,False,2,4,,4.7,23.0,69,44,29,81,47,450,51,33,41,0,0,0,,Precision Frame*,Extended Barrel*,Fluted Barrel,Armor-Piercing Rounds*,High-Caliber Rounds,Triple Tap*,Kill Clip*,Gambit Leather*,Tier 3 Weapon*,Loaded Dice,A Bad Run,,,,0,0,0,0,0
160,Nox Echo III,2502422774,"""6917529086101686932""",Junk,Legendary,Fusion Rifle,titan,618,Arc,,,Vault,False,False,1,1,,,,63,62,75,42,48,0,38,6,45,700,0,0,,Adaptive Frame*,Cleanshot IS*,Hitmark IS,Red Dot 2 MOA,Liquid Coils*,Accelerated Coils,Hip-Fire Grip*,Masterwork Upgrade*,,,,,,,0,0,0,0,0
161,Crooked Fang-4fr,3419149443,"""6917529096665464956""",Junk,Legendary,Linear Fusion Rifle,gunsmith,675,Void,Reload Speed,2.0,Vault,False,False,2,4,,4.7,8.0,65,61,41,34,41,0,37,6,50,533,0,0,,Precision Frame*,Fluted Barrel*,Polygonal Rifling,Enhanced Battery*,Particle Repeater,Snapshot Sights*,Rangefinder*,Tier 2 Weapon*,,,,,,,0,0,0,0,0
162,Abide the Return,1644160541,"""6917529085171423968""",Junk,Legendary,Sword,dreaming,604,Solar,Impact,1.0,Vault,False,False,2,4,,4.4,10.0,0,0,62,46,0,0,0,64,0,0,0,0,,Adaptive Frame*,Hungry Edge*,Tempered Edge,Burst Guard*,Enduring Guard,Relentless Strikes*,Whirlwind Blade*,Burnished Dreams*,Tier 1 Weapon*,,,,,,0,0,0,0,0
163,Bad News XF4354,2824241403,"""6917529084604651486""",Junk,Legendary,Hand Cannon,blackarmory,615,Kinetic,Reload Speed,6.0,Vault,False,False,2,5,,1.2,9.0,88,66,92,60,33,110,38,10,47,0,0,0,,Aggressive Frame*,Fastdraw HCS*,TrueSight HCS,Appended Mag*,Steady Rounds,Mulligan*,Hip-Fire Grip*,Refurbished Black Armory*,Tier 6 Weapon*,Tracker Disabled,Kill Tracker,Crucible Tracker*,,,0,0,0,0,0
164,Swarm of the Raven,1972985595,"""6917529086119853690""",Junk,Legendary,Grenade Launcher,ironbanner,625,Void,Velocity,4.0,Vault,False,False,2,4,,5.0,69.0,63,27,0,0,29,150,38,5,22,0,0,0,,Aggressive Frame*,Volatile Launch*,Quick Launch,High-Velocity Rounds*,Mini Frags,Pulse Monitor*,Rampage*,Icarus Grip*,Tier 4 Weapon*,,,,,,0,0,0,0,0
164,Swarm of the Raven,1972985595,"""6917529086119853690""",Keep,Legendary,Grenade Launcher,ironbanner,625,Void,Velocity,4.0,Vault,False,False,2,4,,5.0,69.0,63,27,0,0,29,150,38,5,22,0,0,0,,Aggressive Frame*,Volatile Launch*,Quick Launch,High-Velocity Rounds*,Mini Frags,Pulse Monitor*,Rampage*,Icarus Grip*,Tier 4 Weapon*,,,,,,1,1,1,1,4
165,Malfeasance,204878059,"""6917529082684818045""",Keep,Exotic,Hand Cannon,,600,Kinetic,,,Vault,False,False,2,4,,3.6,128.0,98,50,78,50,96,180,64,14,32,0,0,0,,Explosive Shadow*,Corkscrew Rifling*,Extended Mag*,Taken Predator*,Heavy Grip*,Aim to Misbehave*,,,,,,,,,1,1,1,1,4
166,Kindled Orchid,2575506895,"""6917529084813274889""",Junk,Legendary,Hand Cannon,blackarmory,650,Void,Range,10.0,Vault,False,False,2,5,,3.8,54.0,99,76,84,63,60,140,62,10,47,0,0,0,,Adaptive Frame*,Arrowhead Brake,Hammer-Forged Rifling*,Drop Mag,Flared Magwell*,Shield Disorient*,Disruption Break*,New Age Black Armory*,Major Spec*,Masterwork*,Tracker Disabled,Kill Tracker*,Crucible Tracker,Base Radiance*,0,0,0,0,0
167,Edge Transit,218335759,"""6917529086918957605""",Junk,Legendary,Grenade Launcher,,633,Void,Velocity,4.0,Vault,False,False,2,4,,4.6,20.0,70,62,0,0,48,120,45,6,43,0,0,0,,Adaptive Frame*,Volatile Launch*,Smart Drift Control,Proximity Grenades*,High-Explosive Ordnance,Auto-Loading Holster*,Quickdraw*,Glacial Whisper*,Tier 4 Weapon*,,,,,,0,0,0,0,0
167,Edge Transit,218335759,"""6917529086918957605""",Keep,Legendary,Grenade Launcher,,633,Void,Velocity,4.0,Vault,False,False,2,4,,4.6,20.0,70,62,0,0,48,120,45,6,43,0,0,0,,Adaptive Frame*,Volatile Launch*,Smart Drift Control,Proximity Grenades*,High-Explosive Ordnance,Auto-Loading Holster*,Quickdraw*,Glacial Whisper*,Tier 4 Weapon*,,,,,,1,1,1,1,4
168,Battle Scar,1178397319,"""6917529086918955067""",Junk,Legendary,Pulse Rifle,,630,Kinetic,,,Vault,False,False,1,3,,5.0,4.0,43,72,27,41,53,450,41,40,78,0,0,0,,Lightweight Frame*,IS 2 Classic*,Model 8 Red,Mark 10 Glass,Extended Mag*,Flared Magwell,Full Auto Trigger System*,Masterwork Upgrade*,,,,,,,0,0,0,0,0
169,Trust,4077196130,"""6917529081899261284""",Junk,Legendary,Hand Cannon,gambit,600,Solar,Range,10.0,Vault,False,False,2,4,,4.9,46.0,96,78,78,63,67,180,64,12,42,0,0,0,,Precision Frame*,Smallbore*,Light Mag*,Genesis*,Explosive Payload*,Gambit Chrome*,Backup Mag*,Masterwork*,Credence*,Blind Faith,Tracker Disabled,Kill Tracker*,Crucible Tracker,,0,0,0,0,0
170,Complex Solution,287042893,"""6917529085784298584""",Junk,Legendary,Sword,edz,615,Void,,,Vault,False,False,1,1,,,,0,0,64,46,0,0,0,63,0,0,0,0,,Adaptive Frame*,Tempered Edge*,Hungry Edge,Enduring Guard*,Balanced Guard,Tireless Blade*,Masterwork Upgrade*,,,,,,,,0,0,0,0,0
171,The Conqueror 2,3991544423,"""6917529085790541541""",Junk,Legendary,Submachine Gun,mercury,617,Kinetic,,,Vault,False,False,1,2,,5.0,11.0,94,50,20,51,66,900,60,34,56,0,0,0,,Adaptive Frame*,Hammer-Forged Rifling*,Polygonal Rifling,Fluted Barrel,Steady Rounds*,Extended Mag,Tactical Mag,Kill Clip*,Masterwork Upgrade*,,,,,,0,0,0,0,0
172,Does Not Compute,2278995296,"""6917529086575655193""",Junk,Legendary,Scout Rifle,crucible,650,Kinetic,Handling,5.0,Vault,False,False,2,5,,4.0,10.0,80,39,67,69,24,150,43,14,37,0,0,0,,High-Impact Frame*,Rifle Scope SSF*,Cleanshot IS,Appended Mag*,Flared Magwell,Zen Moment*,Opening Shot*,Crucible Legacy*,Tier 5 Weapon*,,,,,,0,0,0,0,0
173,Misfit,819441402,"""6917529085124260770""",Junk,Legendary,Auto Rifle,,596,Arc,Reload Speed,3.0,Vault,False,False,2,4,,4.6,24.0,54,76,18,38,58,720,38,60,54,0,0,0,,Rapid-Fire Frame*,Dusk Sight D1*,Wolf Dot W2,Extended Mag*,Armor-Piercing Rounds,Zen Moment*,High-Impact Reserves*,Glacial Whisper*,Minor Spec*,Tier 3 Weapon*,,,,,0,0,0,0,0
174,Wrong Side of Right,3957603605,"""6917529081193933645""",Junk,Legendary,Scout Rifle,tangled,594,Kinetic,Stability,2.0,Vault,False,False,2,4,,5.0,9.0,70,39,67,72,30,150,32,15,19,0,0,0,,High-Impact Frame*,Wolf Dot W2*,King Dot K2,Appended Mag*,Flared Magwell,Outlaw*,Rampage*,Tangled Rust*,Tier 2 Weapon*,,,,,,0,0,0,0,0
175,Swift Ride,1513927136,"""6917529085782086177""",Junk,Legendary,Pulse Rifle,titan,617,Arc,,,Vault,False,False,1,1,,5.0,2.0,70,65,29,62,61,390,46,38,50,0,0,0,,Adaptive Frame*,SPO-28 Front*,SRO-41 Ocular,SRO-52 Ocular,Accurized Rounds*,Tactical Mag,Headseeker*,Masterwork Upgrade*,,,,,,,0,0,0,0,0
176,Widow's Bite,3312073055,"""6917529085790537152""",Junk,Legendary,Sniper Rifle,io,617,Void,,,Vault,False,False,1,1,,5.0,3.0,60,69,55,32,55,140,60,5,78,0,0,0,,Rapid-Fire Frame*,Arrowhead Brake*,Corkscrew Rifling,Steady Rounds*,Alloy Magazine,Firmly Planted*,Masterwork Upgrade*,,,,,,,,0,0,0,0,0
177,Vacuna SR4,1159252500,"""6917529085790532844""",Junk,Legendary,Scout Rifle,mars,617,Solar,Reload Speed,10.0,Vault,False,False,1,3,,,,60,73,60,50,40,200,70,15,76,0,0,0,,Lightweight Frame*,Spark PS*,Flash HS5,Impulse MS3,Armor-Piercing Rounds*,Appended Mag,Dragonfly*,Masterwork Weapon*,,,,,,,0,0,0,0,0
178,Night Watch,3504336176,"""6917529096667626200""",Junk,Legendary,Scout Rifle,gambitprime,698,Kinetic,Reload Speed,4.0,Vault,False,False,2,6,,3.7,38.0,57,69,60,52,42,200,48,19,68,0,0,0,,Lightweight Frame*,Fluted Barrel,Hammer-Forged Rifling*,Drop Mag,Extended Mag*,Snapshot Sights*,Rampage*,Tier 4 Weapon*,,,,,,,0,0,0,0,0
179,Wishbringer,3356526253,"""6917529097394116445""",nan,Legendary,Shotgun,crucible,723,Solar,Reload Speed,1.0,Vault,False,False,2,5,,1.1,28.0,43,68,65,50,42,140,63,7,39,0,0,0,,Rapid-Fire Frame*,Smoothbore*,Corkscrew Rifling,Tactical Mag*,Accurized Rounds,Pulse Monitor*,Opening Shot*,Crucible Legacy*,Tier 1 Weapon*,,,,,,1,0,0,0,1
179,Wishbringer,3356526253,"""6917529097394116445""",Junk,Legendary,Shotgun,crucible,723,Solar,Reload Speed,1.0,Vault,False,False,2,5,,1.1,28.0,43,68,65,50,42,140,63,7,39,0,0,0,,Rapid-Fire Frame*,Smoothbore*,Corkscrew Rifling,Tactical Mag*,Accurized Rounds,Pulse Monitor*,Opening Shot*,Crucible Legacy*,Tier 1 Weapon*,,,,,,0,0,0,0,0
179,Wishbringer,3356526253,"""6917529097394116445""",nan,Legendary,Shotgun,crucible,723,Solar,Reload Speed,1.0,Vault,False,False,2,5,,1.1,28.0,43,68,65,50,42,140,63,7,39,0,0,0,,Rapid-Fire Frame*,Smoothbore*,Corkscrew Rifling,Tactical Mag*,Accurized Rounds,Pulse Monitor*,Opening Shot*,Crucible Legacy*,Tier 1 Weapon*,,,,,,0,0,1,0,1
180,Wishbringer,3356526253,"""6917529097034694653""",nan,Legendary,Shotgun,crucible,708,Solar,Range,2.0,Vault,False,False,2,5,,3.8,26.0,43,68,65,39,47,140,53,7,48,0,0,0,,Rapid-Fire Frame*,Barrel Shroud*,Full Choke,Appended Mag*,Light Mag,Hip-Fire Grip*,Rampage*,Crucible Legacy*,Tier 2 Weapon*,,,,,,1,0,0,0,1
180,Wishbringer,3356526253,"""6917529097034694653""",Junk,Legendary,Shotgun,crucible,708,Solar,Range,2.0,Vault,False,False,2,5,,3.8,26.0,43,68,65,39,47,140,53,7,48,0,0,0,,Rapid-Fire Frame*,Barrel Shroud*,Full Choke,Appended Mag*,Light Mag,Hip-Fire Grip*,Rampage*,Crucible Legacy*,Tier 2 Weapon*,,,,,,0,0,0,0,0
180,Wishbringer,3356526253,"""6917529097034694653""",nan,Legendary,Shotgun,crucible,708,Solar,Range,2.0,Vault,False,False,2,5,,3.8,26.0,43,68,65,39,47,140,53,7,48,0,0,0,,Rapid-Fire Frame*,Barrel Shroud*,Full Choke,Appended Mag*,Light Mag,Hip-Fire Grip*,Rampage*,Crucible Legacy*,Tier 2 Weapon*,,,,,,0,0,1,0,1
181,Better Devils,153979397,"""6917529088666844431""",Junk,Legendary,Hand Cannon,crucible,597,Kinetic,Range,5.0,Vault,False,False,2,4,,3.2,48.0,88,75,84,50,57,140,55,11,60,0,0,0,,Adaptive Frame*,Fastdraw HCS*,TrueSight HCS,Crossfire HCS,Tactical Mag*,Steady Rounds,Outlaw*,Opening Shot*,Crucible Legacy*,Tier 5 Weapon*,,,,,0,0,0,0,0
182,Garden Progeny 1,472169727,"""6917529085787700398""",Junk,Legendary,Scout Rifle,mercury,617,Kinetic,,,Vault,False,False,1,2,,5.0,8.0,73,38,67,79,38,150,50,15,26,0,0,0,,High-Impact Frame*,Extended Barrel*,Polygonal Rifling,Arrowhead Brake,Tactical Mag*,Steady Rounds,Armor-Piercing Rounds,Outlaw*,Masterwork Upgrade*,,,,,,0,0,0,0,0
183,Show of Force,3312073054,"""6917529085790539245""",Junk,Legendary,Sniper Rifle,edz,617,Arc,,,Vault,False,False,1,1,,,,78,41,90,91,31,72,36,3,24,0,0,0,,Aggressive Frame*,ATB Long Range*,ATA Scout,High-Caliber Rounds*,Tactical Mag,Outlaw*,Masterwork Upgrade*,,,,,,,,0,0,0,0,0
184,Fate Cries Foul,1684914716,"""6917529097206316904""",Junk,Legendary,Sniper Rifle,crucible,712,Void,Stability,3.0,Vault,False,False,2,4,,3.2,57.0,48,60,70,61,50,90,44,5,38,0,0,0,,Adaptive Frame*,Zoom 30 Focus*,Zoom 10 Point,Appended Mag*,Flared Magwell,Rapid Hit*,Dragonfly*,Crucible Legacy*,Tier 3 Weapon*,,,,,,0,0,0,0,0
185,Jack Queen King 3,3285365666,"""6917529085787697053""",Junk,Legendary,Hand Cannon,mercury,617,Arc,Magazine,10.0,Vault,False,False,1,2,,5.0,4.0,100,91,80,59,42,150,63,14,73,0,0,0,,Lightweight Frame*,Fastdraw HCS,TrueSight HCS,HitMark HCS*,Ricochet Rounds,Tactical Mag,Accurized Rounds*,Pulse Monitor*,Masterwork Weapon*,,,,,,0,0,0,0,0
186,Traveler's Judgment 5,2091737595,"""6917529085790536248""",Junk,Legendary,Sidearm,mercury,617,Arc,,,Vault,False,False,1,2,,5.0,1.0,89,70,75,54,84,491,40,30,56,0,0,0,,Adaptive Frame*,Tactic SAS*,Target SAS,FarPoint SAS,Armor-Piercing Rounds*,Accurized Rounds,Steady Rounds,Headseeker*,Masterwork Upgrade*,,,,,,0,0,0,0,0
187,Tarantula,2502422775,"""6917529085790541320""",Junk,Legendary,Linear Fusion Rifle,io,617,Arc,,,Vault,False,False,1,1,,5.0,4.0,65,58,41,68,52,0,31,6,32,533,0,0,,Precision Frame*,Hammer-Forged Rifling*,Smallbore,Corkscrew Rifling,Particle Repeater*,Projection Fuse,Snapshot Sights*,Masterwork Upgrade*,,,,,,,0,0,0,0,0
188,Claws of the Wolf,1280933460,"""6917529082376444306""",Junk,Legendary,Pulse Rifle,ironbanner,600,Void,Range,4.0,Vault,False,False,2,4,,4.9,20.0,53,78,23,44,59,540,48,34,29,0,0,0,,Rapid-Fire Frame*,Hammer-Forged Rifling,Polygonal Rifling*,Ricochet Rounds,Flared Magwell*,Threat Detector*,Full Auto Trigger System*,Vibrant Beach*,Targeting Adjuster*,Tier 4 Weapon*,,,,,0,0,0,0,0
189,Call to Serve,1885753222,"""6917529085779057654""",Junk,Legendary,Scout Rifle,edz,617,Kinetic,,,Vault,False,False,1,1,,5.0,3.0,66,58,62,47,46,180,32,18,60,0,0,0,,Precision Frame*,IS 5 Circle*,Model 8 Red,Mark 15 Lens,Extended Mag*,Appended Mag,Triple Tap*,Masterwork Upgrade*,,,,,,,0,0,0,0,0
190,Thin Line,1178886909,"""6917529086978625342""",Junk,Legendary,Hand Cannon,tangled,650,Void,Handling,2.0,Vault,False,False,2,4,,4.4,10.0,88,60,92,68,43,110,29,9,41,0,0,0,,Aggressive Frame*,SteadyHand HCS*,Sureshot HCS,Ricochet Rounds*,Flared Magwell,Triple Tap*,Opening Shot*,Tangled Rust*,Tier 2 Weapon*,,,,,,0,0,0,0,0
191,Seven-Six-Five,1885753220,"""6917529085790540858""",Junk,Legendary,Scout Rifle,nessus,617,Solar,,,Vault,False,False,1,1,,5.0,1.0,49,70,60,60,42,200,61,16,61,0,0,0,,Lightweight Frame*,Torch HS3*,Jolt PS,Accurized Rounds*,Armor-Piercing Rounds,Full Auto Trigger System*,Masterwork Upgrade*,,,,,,,,0,0,0,0,0
192,Maestro-46,2295941921,"""6917529085790540939""",Junk,Legendary,Sniper Rifle,mercury,617,Void,,,Vault,False,False,1,2,,,,60,43,90,97,25,72,37,3,24,0,0,0,,Aggressive Frame*,SSO-05 Sniper*,SSO-07 Sniper,SSO-08 Sniper,Accurized Rounds*,Extended Mag,Alloy Magazine,Triple Tap*,Masterwork Upgrade*,,,,,,0,0,0,0,0
193,Bite of the Fox,3169616514,"""6917529082015853385""",Junk,Legendary,Sniper Rifle,ironbanner,650,Kinetic,Stability,4.0,Vault,False,False,2,4,,4.9,48.0,68,41,90,68,54,72,32,4,32,0,0,0,,Aggressive Frame*,Full Bore,Polygonal Rifling*,Drop Mag,Steady Rounds*,Firmly Planted*,Opening Shot*,SUROS Modular Shine*,Backup Mag*,Tier 4 Weapon*,,,,,0,0,0,0,0
194,Twilight Oath,3297863558,"""6917529081893856356""",Junk,Legendary,Sniper Rifle,dreaming,578,Solar,Stability,1.0,Vault,False,False,2,4,,4.0,36.0,59,70,55,43,48,140,71,7,60,0,0,0,,Rapid-Fire Frame*,Extended Barrel*,Polygonal Rifling,Drop Mag,Tactical Mag*,Ambitious Assassin*,Outlaw*,Blueshift Dreams*,Tier 1 Weapon*,,,,,,0,0,0,0,0
195,Sleepless,3740842661,"""6917529096351557523""",Junk,Legendary,Rocket Launcher,dreaming,681,Arc,Reload Speed,2.0,Vault,False,False,2,4,,5.0,9.0,58,72,0,0,58,15,68,1,69,0,0,0,,High-Impact Frame*,Linear Compensator*,Smart Drift Control,Alloy Casing*,Impact Casing,Snapshot Sights*,Moving Target*,Burnished Dreams*,Tier 2 Weapon*,,,,,,0,0,0,0,0
196,Last Perdition,188882152,"""6917529096007973373""",Junk,Legendary,Pulse Rifle,crucible,659,Void,Reload Speed,2.0,Vault,False,False,2,6,,5.0,32.0,63,60,29,59,63,390,50,44,40,0,0,0,,Adaptive Frame*,SPO-57 Front*,SPO-28 Front,Appended Mag*,Steady Rounds,Rangefinder*,High-Impact Reserves*,Crucible Legacy*,Tier 2 Weapon*,,,,,,0,0,0,0,0
197,Right Side of Wrong,3376406418,"""6917529097094496100""",Junk,Legendary,Pulse Rifle,tangled,679,Solar,Stability,2.0,Vault,False,False,2,4,,4.9,26.0,60,49,35,63,79,450,44,40,40,0,0,0,,Aggressive Burst*,Dusk Sight D1*,Dusk Dot D1,Steady Rounds*,Flared Magwell,Zen Moment*,Rampage*,Tangled Rust*,Tier 2 Weapon*,,,,,,0,0,0,0,0
198,Gunnora's Axe,2326716489,"""6917529097281031851""",Junk,Legendary,Shotgun,ironbanner,692,Arc,Range,1.0,Vault,False,False,2,7,,4.4,46.0,51,34,70,85,45,65,53,7,64,0,0,0,,Precision Frame*,Full Bore*,Polygonal Rifling,Appended Mag*,Extended Mag,Pulse Monitor*,Opening Shot*,Tier 1 Weapon*,,,,,,,0,0,0,0,0
199,Better Devils,153979397,"""6917529079050527055""",Junk,Legendary,Hand Cannon,crucible,629,Kinetic,Range,10.0,Vault,True,False,2,4,,3.7,55.0,88,75,84,73,39,140,46,10,37,0,0,0,,Adaptive Frame*,Fastdraw HCS,SteadyHand HCS,Sureshot HCS*,Accurized Rounds*,Extended Mag,Snapshot Sights*,Timed Payload*,Precursor Vex Chrome*,Targeting Adjuster*,Masterwork*,Tracker Disabled,Kill Tracker*,Crucible Tracker,0,0,0,0,0
200,Better Devils,153979397,"""6917529089088458949""",Junk,Legendary,Hand Cannon,crucible,650,Kinetic,Reload Speed,4.0,Vault,False,False,2,4,,3.2,42.0,88,75,84,46,61,140,59,11,55,0,0,0,,Adaptive Frame*,SteadyHand HCS*,TrueSight HCS,Crossfire HCS,Tactical Mag*,Flared Magwell,Rangefinder*,Zen Moment*,Crucible Legacy*,Tier 4 Weapon*,,,,,0,0,0,0,0
201,The Hero's Burden,1865351684,"""6917529086119861015""",Junk,Legendary,Submachine Gun,ironbanner,625,Void,Stability,4.0,Vault,False,False,2,5,,5.0,21.0,93,51,20,64,50,900,58,33,68,0,0,0,,Adaptive Frame*,SPO-28 Front*,SPO-26 Front,High-Caliber Rounds*,Light Mag,Slideways*,Dynamic Sway Reduction*,Tier 4 Weapon*,,,,,,,0,0,0,0,0
202,Retold Tale,346136302,"""6917529086752392964""",Junk,Legendary,Shotgun,dreaming,650,Void,Stability,3.0,Vault,False,False,2,4,,4.9,21.0,64,75,70,64,67,65,47,6,41,0,0,0,,Precision Frame*,Smallbore,Full Choke*,Extended Mag,Steady Rounds*,Threat Detector*,Full Auto Trigger System*,Vibrant Beach*,Tier 3 Weapon*,,,,,,0,0,0,0,0
203,Acantha-D XK8434,1757129747,"""6917529086134891659""",Junk,Legendary,Grenade Launcher,blackarmory,630,Arc,Reload Speed,2.0,Vault,False,False,2,5,,5.0,10.0,80,25,0,0,28,150,20,7,26,0,0,0,,Aggressive Frame*,Volatile Launch*,Linear Compensator,Augmented Drum*,High-Velocity Rounds,Rangefinder*,Genesis*,Refurbished Black Armory*,Tier 2 Weapon*,,,,,,0,0,0,0,0
204,Wishbringer,3356526253,"""6917529088280987895""",nan,Legendary,Shotgun,crucible,650,Solar,Stability,1.0,Vault,False,False,2,5,,1.0,26.0,43,68,65,37,43,140,62,7,39,0,0,0,,Rapid-Fire Frame*,Smallbore,Full Choke*,Tactical Mag*,Extended Mag,Slideshot*,Opening Shot*,Crucible Legacy*,Tier 1 Weapon*,,,,,,1,0,0,0,1
204,Wishbringer,3356526253,"""6917529088280987895""",Junk,Legendary,Shotgun,crucible,650,Solar,Stability,1.0,Vault,False,False,2,5,,1.0,26.0,43,68,65,37,43,140,62,7,39,0,0,0,,Rapid-Fire Frame*,Smallbore,Full Choke*,Tactical Mag*,Extended Mag,Slideshot*,Opening Shot*,Crucible Legacy*,Tier 1 Weapon*,,,,,,0,0,0,0,0
204,Wishbringer,3356526253,"""6917529088280987895""",nan,Legendary,Shotgun,crucible,650,Solar,Stability,1.0,Vault,False,False,2,5,,1.0,26.0,43,68,65,37,43,140,62,7,39,0,0,0,,Rapid-Fire Frame*,Smallbore,Full Choke*,Tactical Mag*,Extended Mag,Slideshot*,Opening Shot*,Crucible Legacy*,Tier 1 Weapon*,,,,,,0,0,1,0,1
205,Go Figure,4138174248,"""6917529097208951431""",Junk,Legendary,Pulse Rifle,,686,Kinetic,Range,1.0,Vault,False,False,2,4,,4.5,64.0,69,40,35,73,61,450,40,48,44,0,0,0,,Aggressive Burst*,King Sight K1*,Dusk Sight D1,Appended Mag*,Flared Magwell,Firmly Planted*,Full Auto Trigger System*,Distant Earth*,Tier 1 Weapon*,,,,,,0,0,0,0,0
206,Edge Transit,218335759,"""6917529097094500251""",Junk,Legendary,Grenade Launcher,,679,Void,Handling,1.0,Vault,False,False,2,4,,4.7,25.0,70,62,0,0,66,120,45,6,58,0,0,0,,Adaptive Frame*,Countermass*,Quick Launch,Spike Grenades*,Alloy Casing,Threat Detector*,Genesis*,Glacial Whisper*,Icarus Grip*,Tier 1 Weapon*,,,,,0,0,0,0,0
206,Edge Transit,218335759,"""6917529097094500251""",Keep,Legendary,Grenade Launcher,,679,Void,Handling,1.0,Vault,False,False,2,4,,4.7,25.0,70,62,0,0,66,120,45,6,58,0,0,0,,Adaptive Frame*,Countermass*,Quick Launch,Spike Grenades*,Alloy Casing,Threat Detector*,Genesis*,Glacial Whisper*,Icarus Grip*,Tier 1 Weapon*,,,,,1,1,1,1,4
207,Through Fire and Flood,301362381,"""6917529086095570125""",Junk,Legendary,Grenade Launcher,,622,Arc,Velocity,1.0,Vault,False,False,2,4,,4.6,8.0,77,69,0,0,60,120,45,6,51,0,0,0,,Adaptive Frame*,Linear Compensator*,Quick Launch,Thermoplastic Grenades*,Augmented Drum,Threat Detector*,Ambitious Assassin*,Glacial Whisper*,Tier 1 Weapon*,,,,,,0,0,0,0,0
208,Ace of Spades,347366834,"""6917529080149442262""",Keep,Exotic,Hand Cannon,,650,Kinetic,,,Vault,True,False,2,4,,4.4,262.0,100,70,84,86,55,140,48,13,55,0,0,0,,Memento Mori*,Corkscrew Rifling*,High-Caliber Rounds*,Firefly*,Smooth Grip*,Salute to the Colonel*,,,,,,,,,1,1,1,1,4
209,Breath of the Dragon,1357080535,"""6917529097605789273""",Junk,Legendary,Submachine Gun,ironbanner,722,Arc,Reload Speed,1.0,Vault,False,False,2,4,,5.0,5.0,93,50,15,36,51,900,16,40,70,0,0,0,,Lightweight Frame*,Corkscrew Rifling*,Extended Barrel,Extended Mag*,Ricochet Rounds,Grave Robber*,Tap the Trigger*,Tier 1 Weapon*,,,,,,,0,0,0,0,0
210,Steel Sybil Z-14,4230993599,"""6917529085787698715""",Junk,Legendary,Sword,crucible,639,Void,Impact,1.0,Vault,False,False,2,4,,4.8,13.0,0,0,62,46,0,0,0,63,0,0,0,0,,Adaptive Frame*,Hungry Edge*,Enduring Blade,Honed Edge,Burst Guard*,Enduring Guard,Relentless Strikes*,Assassin's Blade*,Crucible Legacy*,Tier 1 Weapon*,,,,,0,0,0,0,0
211,Swarm of the Raven,1972985595,"""6917529097608218978""",Junk,Legendary,Grenade Launcher,ironbanner,722,Void,Reload Speed,3.0,Vault,False,False,2,4,,5.0,67.0,63,27,0,0,42,150,32,4,26,0,0,0,,Aggressive Frame*,Confined Launch*,Quick Launch,High-Explosive Ordnance*,Mini Frags,Auto-Loading Holster*,Ambitious Assassin*,Major Spec*,Tier 3 Weapon*,,,,,,0,0,0,0,0
211,Swarm of the Raven,1972985595,"""6917529097608218978""",Keep,Legendary,Grenade Launcher,ironbanner,722,Void,Reload Speed,3.0,Vault,False,False,2,4,,5.0,67.0,63,27,0,0,42,150,32,4,26,0,0,0,,Aggressive Frame*,Confined Launch*,Quick Launch,High-Explosive Ordnance*,Mini Frags,Auto-Loading Holster*,Ambitious Assassin*,Major Spec*,Tier 3 Weapon*,,,,,,1,1,1,1,4
212,Quickfang,1180270692,"""6917529084755449994""",Junk,Legendary,Sword,,600,Void,Magazine,10.0,Vault,False,False,1,1,,2.7,11.0,0,0,46,28,0,0,0,62,0,0,0,0,,Lightweight Frame*,Jagged Edge*,Honed Edge,Tempered Edge,Swordmaster's Guard*,En Garde*,Masterwork Weapon*,,,,,,,,0,0,0,0,0
213,Pribina-D,4211534763,"""6917529088879847571""",Junk,Legendary,Hand Cannon,gunsmith,599,Kinetic,Reload Speed,3.0,Vault,False,False,2,4,,4.6,10.0,80,63,92,60,24,110,65,7,39,0,0,0,,Aggressive Frame*,Fastdraw HCS*,SteadyHand HCS,Drop Mag*,Steady Rounds,Triple Tap*,Zen Moment*,Tier 3 Weapon*,,,,,,,0,0,0,0,0
214,Zenobia-D,3776129137,"""6917529096812814515""",Junk,Legendary,Rocket Launcher,gunsmith,704,Arc,Handling,1.0,Vault,False,False,2,4,,4.8,20.0,45,61,0,0,60,15,28,1,42,0,0,0,,Häkke Precision Frame*,Volatile Launch*,Smart Drift Control,Implosion Rounds*,Impact Casing,Field Prep*,Quickdraw*,Tier 1 Weapon*,,,,,,,0,0,0,0,0
215,Steel Sybil Z-14,4230993599,"""6917529096002062691""",Junk,Legendary,Sword,crucible,628,Void,Impact,2.0,Vault,False,False,2,4,,4.8,15.0,0,0,63,46,0,0,0,63,0,0,0,0,,Adaptive Frame*,Hungry Edge*,Honed Edge,Jagged Edge,Heavy Guard*,Swordmaster's Guard,Relentless Strikes*,En Garde*,Crucible Legacy*,Tier 2 Weapon*,,,,,0,0,0,0,0
216,Edge Transit,218335759,"""6917529085607043136""",Junk,Legendary,Grenade Launcher,,641,Void,Blast Radius,1.0,Vault,False,False,2,4,,4.7,29.0,70,62,0,0,52,120,45,6,48,0,0,0,,Adaptive Frame*,Linear Compensator*,Smart Drift Control,Proximity Grenades*,Spike Grenades,Auto-Loading Holster*,Quickdraw*,Glacial Whisper*,Tier 1 Weapon*,,,,,,0,0,0,0,0
216,Edge Transit,218335759,"""6917529085607043136""",Keep,Legendary,Grenade Launcher,,641,Void,Blast Radius,1.0,Vault,False,False,2,4,,4.7,29.0,70,62,0,0,52,120,45,6,48,0,0,0,,Adaptive Frame*,Linear Compensator*,Smart Drift Control,Proximity Grenades*,Spike Grenades,Auto-Loading Holster*,Quickdraw*,Glacial Whisper*,Tier 1 Weapon*,,,,,,1,1,1,1,4
217,The Hero's Burden,1865351684,"""6917529086280453272""",Junk,Legendary,Submachine Gun,ironbanner,624,Void,Reload Speed,1.0,Vault,False,False,2,5,,5.0,25.0,93,51,20,57,46,900,59,33,74,0,0,0,,Adaptive Frame*,SLO-21 Post*,SPO-26 Front,High-Caliber Rounds*,Light Mag,Slideways*,Kill Clip*,Tier 1 Weapon*,,,,,,,0,0,0,0,0
218,Blast Furnace,3843477312,"""6917529086743459409""",Junk,Legendary,Pulse Rifle,blackarmory,650,Kinetic,Range,7.0,Vault,False,False,2,5,,4.6,143.0,65,42,35,99,72,450,51,43,25,0,0,0,,Aggressive Burst*,Meyrin RDL,Satou Precision Lens*,Appended Mag,Tactical Mag*,Snapshot Sights*,Rampage*,New Age Black Armory*,Rampage Spec*,Tier 7 Weapon*,Tracker Disabled*,Kill Tracker,Crucible Tracker,Base Radiance*,0,0,0,0,0
219,Orewing's Maul,2108920981,"""6917529097327213495""",nan,Legendary,Grenade Launcher,ironbanner,694,Void,Blast Radius,2.0,Vault,False,False,2,6,,4.3,33.0,80,73,0,0,22,90,83,1,69,0,0,0,,Lightweight Frame*,Confined Launch,Hard Launch*,Smart Drift Control,High-Velocity Rounds*,Concussion Grenades,Quickdraw*,Demolitionist*,Tier 2 Weapon*,,,,,,0,0,1,0,1
220,Distant Relation,2034817450,"""6917529096629544750""",Junk,Legendary,Scout Rifle,gambit,698,Solar,Handling,1.0,Vault,False,False,2,4,,4.8,13.0,58,61,62,47,54,180,72,16,56,0,0,0,,Precision Frame*,Arrowhead Brake*,Polygonal Rifling,Drop Mag*,Extended Mag,Full Auto Trigger System*,Ambitious Assassin*,Gambit Leather*,Tier 1 Weapon*,Next of Kin,,,,,0,0,0,0,0
221,Edge Transit,218335759,"""6917529096005074685""",Junk,Legendary,Grenade Launcher,,636,Void,Velocity,1.0,Vault,False,False,2,4,,4.7,23.0,70,62,0,0,39,120,45,6,48,0,0,0,,Adaptive Frame*,Hard Launch*,Smart Drift Control,Proximity Grenades*,High-Explosive Ordnance,Field Prep*,Rampage*,Glacial Whisper*,Tier 1 Weapon*,,,,,,0,0,0,0,0
221,Edge Transit,218335759,"""6917529096005074685""",Keep,Legendary,Grenade Launcher,,636,Void,Velocity,1.0,Vault,False,False,2,4,,4.7,23.0,70,62,0,0,39,120,45,6,48,0,0,0,,Adaptive Frame*,Hard Launch*,Smart Drift Control,Proximity Grenades*,High-Explosive Ordnance,Field Prep*,Rampage*,Glacial Whisper*,Tier 1 Weapon*,,,,,,1,1,1,1,4
222,Chattering Bone,568515759,"""6917529086274905850""",Junk,Legendary,Pulse Rifle,lastwish,650,Kinetic,Range,10.0,Vault,False,False,2,4,,5.0,28.0,57,71,27,58,61,450,76,33,78,0,0,0,,Lightweight Frame*,Corkscrew Rifling*,Light Mag*,Kill Clip*,High-Impact Reserves*,Dreaming Spectrum*,Masterwork*,Tracker Disabled,Kill Tracker*,Crucible Tracker,,,,,0,0,0,0,0
223,The Ringing Nail,93253474,"""6917529086212247168""",Junk,Legendary,Auto Rifle,blackarmory,650,Solar,Range,2.0,Vault,False,False,2,5,,5.0,25.0,69,37,29,83,51,450,52,32,45,0,0,0,,Precision Frame*,Meyrin RDS,Satou Precision Lens*,Appended Mag,Armor-Piercing Rounds*,Under Pressure*,Mulligan*,Rasmussen Clan*,Tier 2 Weapon*,Base Radiance*,,,,,0,0,0,0,0
224,Better Devils,153979397,"""6917529087053057751""",Junk,Legendary,Hand Cannon,crucible,650,Kinetic,Range,3.0,Vault,False,False,2,4,,4.2,49.0,88,75,84,49,52,140,46,12,60,0,0,0,,Adaptive Frame*,Fastdraw HCS*,TrueSight HCS,Sureshot HCS,Appended Mag*,Extended Mag,Threat Detector*,Kill Clip*,Crucible Legacy*,Tier 3 Weapon*,,,,,0,0,0,0,0
225,Shining Sphere,136525518,"""6917529097608216739""",Junk,Legendary,Rocket Launcher,ironbanner,702,Arc,Blast Radius,1.0,Vault,False,False,2,7,,1.0,13.0,60,58,0,0,50,20,45,1,45,0,0,0,,Adaptive Frame*,Hard Launch*,Smart Drift Control,Implosion Rounds*,Impact Casing,Rangefinder*,Ambitious Assassin*,Tier 1 Weapon*,,,,,,,0,0,0,0,0
226,The Hero's Burden,1865351684,"""6917529097391689121""",Junk,Legendary,Submachine Gun,ironbanner,700,Void,Reload Speed,2.0,Vault,False,False,2,5,,5.0,19.0,93,51,20,63,46,900,60,36,59,0,0,0,,Adaptive Frame*,SPO-57 Front*,SPO-26 Front,Appended Mag*,High-Caliber Rounds,Moving Target*,Tap the Trigger*,Tier 2 Weapon*,,,,,,,0,0,0,0,0
227,Crooked Fang-4fr,3419149443,"""6917529088272241905""",Junk,Legendary,Linear Fusion Rifle,gunsmith,634,Void,Stability,1.0,Vault,False,False,2,4,,4.8,11.0,65,61,41,34,37,0,17,7,45,533,0,0,,Precision Frame*,Arrowhead Brake*,Hammer-Forged Rifling,Ionized Battery*,Liquid Coils,Moving Target*,Box Breathing*,Tier 1 Weapon*,,,,,,,0,0,0,0,0
228,Hoosegow,417474224,"""6917529088272240771""",Junk,Legendary,Rocket Launcher,titan,635,Arc,,,Vault,False,False,1,1,,,,80,63,0,0,29,20,50,1,44,0,0,0,,Adaptive Frame*,Hard Launch*,Quick Launch,Smart Drift Control,Black Powder*,Alloy Casing,Snapshot Sights*,Masterwork Upgrade*,,,,,,,0,0,0,0,0
229,Bygones,2712244741,"""6917529081087007856""",Junk,Legendary,Pulse Rifle,gambit,694,Kinetic,Stability,1.0,Vault,True,False,2,4,,5.0,104.0,69,61,29,58,60,390,51,38,60,0,0,0,,Adaptive Frame*,Arrowhead Brake*,Corkscrew Rifling,Extended Mag,High-Caliber Rounds*,Kill Clip*,Full Auto Trigger System*,Tier 1 Weapon*,,,,,,,0,0,0,0,0
230,The Cut and Run,3501969491,"""6917529096212040672""",Junk,Legendary,Scout Rifle,,681,Arc,Stability,2.0,Vault,False,False,2,4,,1.0,9.0,80,37,67,70,38,150,19,16,43,0,0,0,,High-Impact Frame*,Wolf Sight W1*,Dusk Sight D1,Extended Mag*,Appended Mag,Full Auto Trigger System*,Dragonfly*,Glacial Whisper*,Tier 2 Weapon*,,,,,,0,0,0,0,0
231,The Cut and Run,3501969491,"""6917529086179635684""",Junk,Legendary,Scout Rifle,,629,Arc,Range,3.0,Vault,False,False,2,4,,4.2,9.0,80,37,67,74,36,150,37,13,42,0,0,0,,High-Impact Frame*,Dusk Sight D1*,Dusk Dot D1,Alloy Magazine*,Light Mag,Auto-Loading Holster*,Rampage*,Glacial Whisper*,Tier 3 Weapon*,,,,,,0,0,0,0,0
232,Distant Relation,2034817450,"""6917529096002063597""",Junk,Legendary,Scout Rifle,gambit,661,Solar,Stability,3.0,Vault,False,False,2,4,,4.6,11.0,58,61,62,69,48,180,45,16,42,0,0,0,,Precision Frame*,Full Bore*,Polygonal Rifling,Accurized Rounds*,Appended Mag,Auto-Loading Holster*,Moving Target*,Gambit Leather*,Tier 3 Weapon*,Next of Kin,,,,,0,0,0,0,0
233,Nightshade,339163900,"""6917529082642603771""",Junk,Legendary,Pulse Rifle,strikes,464,Kinetic,,,Vault,False,False,1,1,,5.0,5.0,56,68,27,48,63,450,71,33,76,0,0,0,,Lightweight Frame*,Red Dot Micro*,Red Dot 2 MOA,Rifle Scope ST,Tactical Mag*,Armor-Piercing Rounds,Kill Clip*,Masterwork Upgrade*,,,,,,,0,0,0,0,0
233,Nightshade,339163900,"""6917529082642603771""",nan,Legendary,Pulse Rifle,strikes,464,Kinetic,,,Vault,False,False,1,1,,5.0,5.0,56,68,27,48,63,450,71,33,76,0,0,0,,Lightweight Frame*,Red Dot Micro*,Red Dot 2 MOA,Rifle Scope ST,Tactical Mag*,Armor-Piercing Rounds,Kill Clip*,Masterwork Upgrade*,,,,,,,0,1,0,0,1
234,Toil and Trouble,2957367743,"""6917529088266582265""",Junk,Legendary,Shotgun,strikes,650,Kinetic,Stability,3.0,Vault,False,False,2,4,,5.0,10.0,59,30,80,37,50,55,50,6,37,0,0,0,,Aggressive Frame*,Smallbore*,Corkscrew Rifling,Assault Mag,Tactical Mag*,Full Auto Trigger System*,Moving Target*,Vanguard Veteran*,Tier 3 Weapon*,,,,,,0,0,0,0,0
235,Wrong Side of Right,3957603605,"""6917529096631976784""",Junk,Legendary,Scout Rifle,tangled,697,Kinetic,Stability,2.0,Vault,False,False,2,4,,4.5,10.0,70,39,67,68,43,150,32,13,37,0,0,0,,High-Impact Frame*,Devil Scope D2*,Wolf Sight W1,Steady Rounds*,Flared Magwell,Opening Shot*,Firmly Planted*,Tangled Rust*,Tier 2 Weapon*,,,,,,0,0,0,0,0
236,Elegy-49,1873270090,"""6917529082015857129""",Junk,Legendary,Sniper Rifle,gunsmith,581,Void,Handling,4.0,Vault,False,False,2,4,,5.0,10.0,60,60,70,68,46,90,46,4,42,0,0,0,,Adaptive Frame*,SSO-05 Sniper*,SSO-07 Sniper,Accurized Rounds*,Flared Magwell,Genesis*,Triple Tap*,Tier 4 Weapon*,,,,,,,0,0,0,0,0
237,Steel Sybil Z-14,4230993599,"""6917529097044210019""",Junk,Legendary,Sword,crucible,708,Void,Impact,3.0,Vault,False,False,2,4,,4.8,14.0,0,0,64,46,0,0,0,63,0,0,0,0,,Adaptive Frame*,Hungry Edge*,Enduring Blade,Honed Edge,Burst Guard*,Enduring Guard,Relentless Strikes*,En Garde*,Crucible Legacy*,Tier 3 Weapon*,,,,,0,0,0,0,0
238,Play of the Game,195440257,"""6917529097625249745""",Junk,Legendary,Grenade Launcher,crucible,705,Arc,Handling,1.0,Vault,False,False,2,4,,3.1,37.0,70,65,0,0,42,120,51,6,41,0,0,0,,Adaptive Frame*,Hard Launch*,Quick Launch,Smart Drift Control,Thermoplastic Grenades*,Spike Grenades,Auto-Loading Holster*,Quickdraw*,Crucible Legacy*,Tier 1 Weapon*,,,,,0,0,0,0,0
239,Dead Man Walking XX7463,3751622019,"""6917529088278127176""",Junk,Legendary,Sidearm,blackarmory,633,Solar,Handling,2.0,Vault,False,False,2,5,,5.0,6.0,98,56,35,33,60,450,68,15,56,0,0,0,,SUROS Rapid-Fire*,Tactic SAS*,Target SAS,Drop Mag*,Extended Mag,Moving Target*,Zen Moment*,Refurbished Black Armory*,Tier 2 Weapon*,,,,,,0,0,0,0,0
240,Smuggler's Word,1843044399,"""6917529096815115144""",Junk,Legendary,Sidearm,,672,Kinetic,Range,5.0,Vault,False,False,2,4,,3.8,29.0,96,82,56,60,51,325,12,31,51,0,0,0,,Aggressive Burst*,Control SAS*,FarPoint SAS,Extended Mag*,Appended Mag,Full Auto Trigger System*,Kill Clip*,Glacial Whisper*,Tier 5 Weapon*,,,,,,0,0,0,0,0
241,Crimil's Dagger,4292849692,"""6917529097447594760""",Junk,Legendary,Hand Cannon,ironbanner,693,Kinetic,Reload Speed,3.0,Vault,False,False,2,5,,5.0,18.0,98,67,92,73,35,110,34,8,44,0,0,0,,Aggressive Frame*,Fastdraw HCS*,HitMark HCS,Accurized Rounds*,Flared Magwell,Rangefinder*,Field Prep*,Tier 3 Weapon*,,,,,,,0,0,0,0,0
241,Crimil's Dagger,4292849692,"""6917529097447594760""",nan,Legendary,Hand Cannon,ironbanner,693,Kinetic,Reload Speed,3.0,Vault,False,False,2,5,,5.0,18.0,98,67,92,73,35,110,34,8,44,0,0,0,,Aggressive Frame*,Fastdraw HCS*,HitMark HCS,Accurized Rounds*,Flared Magwell,Rangefinder*,Field Prep*,Tier 3 Weapon*,,,,,,,1,0,0,0,1
242,Trust,4077196130,"""6917529096208805317""",Junk,Legendary,Hand Cannon,gambit,657,Solar,Range,2.0,Vault,False,False,2,4,,4.6,71.0,96,78,78,45,69,180,82,9,37,0,0,0,,Precision Frame*,Chambered Compensator*,Fluted Barrel,Drop Mag*,Appended Mag,Opening Shot*,Rapid Hit*,Gambit Leather*,Tier 2 Weapon*,Credence,Blind Faith,,,,0,0,0,0,0
243,The Wizened Rebuke,930590127,"""6917529097605789162""",Junk,Legendary,Fusion Rifle,ironbanner,702,Arc,Handling,4.0,Vault,False,False,2,6,,5.0,51.0,72,62,95,58,35,0,28,6,47,860,0,0,,High-Impact Frame*,Hitmark IS*,Red Dot 2 MOA,Red Dot Micro,Enhanced Battery*,Liquid Coils,Auto-Loading Holster*,Tap the Trigger*,Tier 4 Weapon*,,,,,,0,0,0,0,0
244,Swift Ride XE8375,1386601612,"""6917529083903305094""",Junk,Legendary,Pulse Rifle,blackarmory,582,Arc,Stability,2.0,Vault,False,False,2,5,,4.2,23.0,70,65,29,57,68,390,60,38,42,0,0,0,,Adaptive Frame*,SPO-57 Front*,SPO-26 Front,Drop Mag,Flared Magwell*,Outlaw*,Rampage*,Refurbished Black Armory*,Tier 2 Weapon*,,,,,,0,0,0,0,0
245,Steel Sybil Z-14,4230993599,"""6917529097625245513""",Junk,Legendary,Sword,crucible,703,Void,Impact,1.0,Vault,False,False,2,4,,4.8,15.0,0,0,62,46,0,0,0,63,0,0,0,0,,Adaptive Frame*,Hungry Edge*,Honed Edge,Tempered Edge,Enduring Guard*,Heavy Guard,Tireless Blade*,En Garde*,Crucible Legacy*,Tier 1 Weapon*,,,,,0,0,0,0,0
246,The Last Dance,2009277538,"""6917529096357662340""",Junk,Legendary,Sidearm,strikes,690,Arc,Reload Speed,2.0,Vault,False,False,2,4,,3.1,17.0,97,70,75,41,90,491,37,27,70,0,0,0,,Omolon Adaptive Frame*,QuickDot SAS*,Target SAS,FarPoint SAS,High-Caliber Rounds*,Flared Magwell,Threat Detector*,Tap the Trigger*,Vanguard Veteran*,Tier 2 Weapon*,,,,,0,0,0,0,0
247,Better Devils,153979397,"""6917529088666843598""",Junk,Legendary,Hand Cannon,crucible,598,Kinetic,Range,1.0,Vault,False,False,2,4,,4.2,52.0,88,75,84,47,52,140,73,10,60,0,0,0,,Adaptive Frame*,Fastdraw HCS*,TrueSight HCS,Sureshot HCS,Drop Mag*,Appended Mag,Outlaw*,Field Prep*,Crucible Legacy*,Tier 1 Weapon*,,,,,0,0,0,0,0
248,Pillager,2653316158,"""6917529088324221290""",Junk,Legendary,Submachine Gun,gambit,650,Kinetic,Handling,3.0,Vault,False,False,2,4,,5.0,29.0,97,57,15,43,52,900,37,40,80,0,0,0,,Lightweight Frame*,Corkscrew Rifling*,Smallbore,Appended Mag*,Light Mag,Grave Robber*,Rampage*,Gambit Leather*,Tier 3 Weapon*,,,,,,0,0,0,0,0
249,Blue Shift,417474226,"""6917529085787700714""",Junk,Legendary,Rocket Launcher,io,617,Solar,,,Vault,False,False,1,1,,,,40,69,0,0,67,15,54,1,67,0,0,0,,High-Impact Frame*,Linear Compensator*,Confined Launch,Quick Launch,High-Velocity Rounds*,Alloy Casing,Field Prep*,Masterwork Upgrade*,,,,,,,0,0,0,0,0
250,Edge Transit,218335759,"""6917529086004403148""",Junk,Legendary,Grenade Launcher,,645,Void,Reload Speed,3.0,Vault,False,False,2,4,,4.6,20.0,70,62,0,0,48,120,75,6,57,0,0,0,,Adaptive Frame*,Countermass*,Quick Launch,Alloy Casing*,Augmented Drum,Field Prep*,Quickdraw*,Distant Earth*,Tier 3 Weapon*,,,,,,0,0,0,0,0
250,Edge Transit,218335759,"""6917529086004403148""",Keep,Legendary,Grenade Launcher,,645,Void,Reload Speed,3.0,Vault,False,False,2,4,,4.6,20.0,70,62,0,0,48,120,75,6,57,0,0,0,,Adaptive Frame*,Countermass*,Quick Launch,Alloy Casing*,Augmented Drum,Field Prep*,Quickdraw*,Distant Earth*,Tier 3 Weapon*,,,,,,1,1,1,1,4
251,Play of the Game,195440257,"""6917529096357668113""",Junk,Legendary,Grenade Launcher,crucible,690,Arc,Reload Speed,2.0,Vault,False,False,2,4,,3.2,46.0,70,65,0,0,32,120,80,6,35,0,0,0,,Adaptive Frame*,Volatile Launch*,Countermass,Quick Launch,Alloy Casing*,High-Velocity Rounds,Snapshot Sights*,Rampage*,Crucible Legacy*,Tier 2 Weapon*,,,,,0,0,0,0,0
252,Tango-45 XK5094,20025671,"""6917529088380710163""",Junk,Legendary,Scout Rifle,blackarmory,631,Solar,Reload Speed,1.0,Vault,False,False,2,5,,5.0,5.0,69,65,62,67,50,180,45,16,45,0,0,0,,Precision Frame*,SRO-41 Ocular*,SPO-28 Front,SPO-26 Front,Accurized Rounds*,Tactical Mag,Grave Robber*,Outlaw*,Refurbished Black Armory*,Tier 1 Weapon*,,,,,0,0,0,0,0
253,Berenger's Memory,1983332562,"""6917529086101684872""",Junk,Legendary,Grenade Launcher,io,621,Void,,,Vault,False,False,1,1,,5.0,1.0,70,30,0,0,32,150,29,5,20,0,0,0,,Aggressive Frame*,Volatile Launch*,Smart Drift Control,Sticky Grenades*,Implosion Rounds,Auto-Loading Holster*,Masterwork Upgrade*,,,,,,,,0,0,0,0,0
254,The Last Dance,2009277538,"""6917529082310203589""",Junk,Legendary,Sidearm,strikes,580,Arc,Handling,1.0,Vault,False,False,2,4,,5.0,16.0,97,70,75,52,77,491,35,27,49,0,0,0,,Omolon Adaptive Frame*,QuickDot SAS,Target SAS,FarPoint SAS*,Armor-Piercing Rounds*,Flared Magwell,Outlaw*,Opening Shot*,Vanguard Veteran*,Tier 1 Weapon*,,,,,0,0,0,0,0
255,The Rattler,1911843788,"""6917529096056961277""",Junk,Legendary,Sidearm,io,648,Solar,,,Vault,False,False,1,1,,,,83,68,43,34,50,360,55,15,83,0,0,0,,Lightweight Frame*,QuickDot SAS*,Control SAS,Accurized Rounds*,Steady Rounds,Kill Clip*,Masterwork Upgrade*,,,,,,,,0,0,0,0,0
256,Eternity's Edge,1180270693,"""6917529084997600513""",Junk,Legendary,Sword,,603,Solar,,,Vault,False,False,1,1,,5.0,3.0,0,0,65,55,0,0,0,62,0,0,0,0,,Adaptive Frame*,Honed Edge*,Hungry Edge,Enduring Blade,Infinite Guard*,Whirlwind Blade*,Masterwork Upgrade*,,,,,,,,0,0,0,0,0
257,Valakadyn,1518042135,"""6917529082013086357""",Junk,Legendary,Auto Rifle,gunsmith,581,Solar,Stability,1.0,Vault,False,False,2,4,,5.0,8.0,56,66,18,40,62,720,54,53,53,0,0,0,,Rapid-Fire Frame*,Arrowhead Brake*,Fluted Barrel,Ricochet Rounds*,Light Mag,Dynamic Sway Reduction*,Rangefinder*,Tier 1 Weapon*,,,,,,,0,0,0,0,0
258,Nameless Midnight,3040742682,"""6917529097000104646""",Junk,Legendary,Scout Rifle,strikes,684,Kinetic,Stability,1.0,Vault,False,False,2,4,,4.6,9.0,79,62,62,57,45,180,50,18,37,0,0,0,,Precision Frame*,Rifle Scope ST*,Rifle Scope SSF,Hitmark IS,Appended Mag*,Extended Mag,Grave Robber*,Auto-Loading Holster,Kill Clip*,Vanguard Veteran*,Targeting Adjuster*,Tier 1 Weapon*,,,0,0,0,0,0
259,Go Figure,4138174248,"""6917529087179703945""",Junk,Legendary,Pulse Rifle,,650,Kinetic,Range,5.0,Vault,False,False,2,4,,4.7,113.0,69,40,35,90,61,450,40,40,42,0,0,0,,Aggressive Burst*,Devil Scope D2*,King Sight K1,Alloy Magazine,Armor-Piercing Rounds*,Zen Moment*,Rampage*,Distant Earth*,Tier 5 Weapon*,,,,,,0,0,0,0,0
260,Smuggler's Word,1843044399,"""6917529086570071232""",Junk,Legendary,Sidearm,,650,Kinetic,Stability,1.0,Vault,False,False,2,4,,4.9,35.0,96,82,56,64,43,325,30,25,42,0,0,0,,Aggressive Burst*,QuickDot SAS,Tactic SAS*,High-Caliber Rounds*,Ricochet Rounds,Full Auto Trigger System*,Rampage*,Glacial Whisper*,Tier 1 Weapon*,,,,,,0,0,0,0,0
261,Galliard-42 XN7568,1775804198,"""6917529088327073226""",Junk,Legendary,Auto Rifle,blackarmory,627,Solar,Stability,1.0,Vault,False,False,2,5,,5.0,11.0,70,60,21,51,50,600,29,52,60,0,0,0,,Adaptive Frame*,SRO-52 Ocular,SLO-12 Post,SPO-28 Front*,Extended Mag*,Light Mag,Auto-Loading Holster*,Rampage*,Refurbished Black Armory*,Tier 1 Weapon*,,,,,0,0,0,0,0
262,Drang,2362471600,"""6917529086197374507""",Keep,Legendary,Sidearm,nessus,623,Solar,,,Vault,False,False,1,1,,4.3,14.0,80,70,49,48,70,300,37,18,74,0,0,0,,Adaptive Frame*,Smallbore*,Rampage*,Together Forever*,Masterwork Upgrade*,,,,,,,,,,1,1,1,1,4
263,SUROS Regime,2856683562,"""6917529081092886972""",Keep,Exotic,Auto Rifle,,568,Kinetic,,,Vault,False,False,1,3,,1.1,90.0,50,68,21,60,62,600,76,27,68,0,0,0,,SUROS Legacy*,Hammer-Forged Rifling*,Tactical Mag*,Spinning Up,Dual Speed Receiver*,Hand-Laid Stock*,,,,,,,,,1,1,1,1,4
264,Wishbringer,3356526253,"""6917529097625249371""",nan,Legendary,Shotgun,crucible,697,Solar,Handling,1.0,Vault,False,False,2,5,,3.5,22.0,43,68,65,50,38,140,53,7,40,0,0,0,,Rapid-Fire Frame*,Smoothbore*,Full Choke,Appended Mag*,Extended Mag,Grave Robber*,Rampage*,Crucible Legacy*,Tier 1 Weapon*,,,,,,1,0,0,0,1
264,Wishbringer,3356526253,"""6917529097625249371""",Junk,Legendary,Shotgun,crucible,697,Solar,Handling,1.0,Vault,False,False,2,5,,3.5,22.0,43,68,65,50,38,140,53,7,40,0,0,0,,Rapid-Fire Frame*,Smoothbore*,Full Choke,Appended Mag*,Extended Mag,Grave Robber*,Rampage*,Crucible Legacy*,Tier 1 Weapon*,,,,,,0,0,0,0,0
264,Wishbringer,3356526253,"""6917529097625249371""",nan,Legendary,Shotgun,crucible,697,Solar,Handling,1.0,Vault,False,False,2,5,,3.5,22.0,43,68,65,50,38,140,53,7,40,0,0,0,,Rapid-Fire Frame*,Smoothbore*,Full Choke,Appended Mag*,Extended Mag,Grave Robber*,Rampage*,Crucible Legacy*,Tier 1 Weapon*,,,,,,0,0,1,0,1
265,Tigerspite,640114618,"""6917529086138061010""",Junk,Legendary,Auto Rifle,dreaming,650,Kinetic,Stability,4.0,Vault,False,False,2,4,,4.6,33.0,68,44,29,70,60,450,46,33,46,0,0,0,,Precision Frame*,Extended Barrel,Polygonal Rifling*,Appended Mag,High-Caliber Rounds*,Outlaw*,Grave Robber*,Burnished Dreams*,Tier 4 Weapon*,,,,,,0,0,0,0,0
266,IKELOS_SG_v1.0.1,1887808042,"""6917529086104833894""",Junk,Legendary,Shotgun,ep,641,Solar,Stability,5.0,Vault,True,False,1,3,,4.9,89.0,69,72,65,41,57,140,74,8,50,0,0,0,,Rapid-Fire Frame*,Rifled Barrel,Hammer-Forged Rifling,Polygonal Rifling*,Trench Barrel*,Tactical Mag*,Moving Target,Threat Detector*,Iron Wolf*,Masterwork Weapon*,,,,,0,0,0,0,0
267,Bad Reputation,2105827099,"""6917529086203348508""",Junk,Legendary,Submachine Gun,,648,Solar,Reload Speed,4.0,Vault,False,False,2,4,,5.0,11.0,99,51,25,66,42,600,27,27,19,0,0,0,,Precision Frame*,Wolf Dot W2*,Dusk Dot D1,Alloy Magazine*,Ricochet Rounds,Grave Robber*,Kill Clip*,Distant Earth*,Tier 4 Weapon*,,,,,,0,0,0,0,0
268,Persuader,4083045006,"""6917529088658099086""",Junk,Legendary,Sniper Rifle,strikes,500,Void,Handling,1.0,Vault,False,False,2,5,,4.9,20.0,60,71,55,52,42,140,61,7,59,0,0,0,,Rapid-Fire Frame*,9RECT Telescopic*,50VAL Telescopic,Appended Mag*,Extended Mag,Snapshot Sights*,Rampage*,Vanguard Veteran*,Tier 1 Weapon*,,,,,,0,0,0,0,0
269,Main Ingredient,253196586,"""6917529088663672925""",Junk,Legendary,Fusion Rifle,strikes,578,Arc,Range,3.0,Vault,False,False,2,4,,5.0,18.0,73,59,80,70,63,0,32,5,47,740,0,0,,Precision Frame*,Cleanshot IS*,Hitmark IS,Red Dot 2 MOA,Particle Repeater*,Projection Fuse,Moving Target*,Backup Plan*,Vanguard Veteran*,Tier 3 Weapon*,Subatomic Ivory,,,,0,0,0,0,0
270,Parcel of Stardust,2217366863,"""6917529085168524116""",Junk,Legendary,Shotgun,gambit,477,Kinetic,Reload Speed,2.0,Vault,False,False,2,4,,5.0,33.0,53,52,65,60,54,80,62,6,80,0,0,0,,Lightweight Frame*,Barrel Shroud*,Corkscrew Rifling,Accurized Rounds*,Light Mag,Slideshot*,Auto-Loading Holster*,Gambit Leather*,Tier 2 Weapon*,Meteor Shower,Fell to Earth*,,,,0,0,0,0,0
271,Nightshade,792755504,"""6917529086143656045""",Junk,Legendary,Pulse Rifle,strikes,647,Kinetic,Range,1.0,Vault,False,False,2,5,,5.0,19.0,56,68,27,56,59,450,62,30,60,0,0,0,,Lightweight Frame*,Rifle Scope ST*,Armor-Piercing Rounds*,Under Pressure*,Kill Clip*,Tier 1 Weapon*,,,,,,,,,0,0,0,0,0
271,Nightshade,792755504,"""6917529086143656045""",nan,Legendary,Pulse Rifle,strikes,647,Kinetic,Range,1.0,Vault,False,False,2,5,,5.0,19.0,56,68,27,56,59,450,62,30,60,0,0,0,,Lightweight Frame*,Rifle Scope ST*,Armor-Piercing Rounds*,Under Pressure*,Kill Clip*,Tier 1 Weapon*,,,,,,,,,0,1,0,0,1
272,Go Figure,4138174248,"""6917529086269028543""",Junk,Legendary,Pulse Rifle,,620,Kinetic,Stability,3.0,Vault,False,False,2,4,,4.2,69.0,69,40,35,84,64,450,40,48,27,0,0,0,,Aggressive Burst*,Dusk Scope D2*,Wolf Sight W1,Appended Mag*,Flared Magwell,Under Pressure*,Kill Clip*,Distant Earth*,Tier 3 Weapon*,,,,,,0,0,0,0,0
273,Bad Reputation,2105827099,"""6917529097610576249""",Junk,Legendary,Submachine Gun,,726,Solar,Stability,5.0,Vault,False,False,2,4,,4.7,13.0,99,51,25,60,46,600,10,30,37,0,0,0,,Precision Frame*,Wolf Sight W1*,Dusk Sight D1,Extended Mag*,Ricochet Rounds,Zen Moment*,Under Pressure*,Distant Earth*,Tier 5 Weapon*,,,,,,0,0,0,0,0
274,Dreaded Venture,3100452337,"""6917529096423836164""",Junk,Legendary,Sniper Rifle,gambit,670,Kinetic,Reload Speed,5.0,Vault,False,False,2,4,,4.8,10.0,76,49,90,74,44,72,43,4,26,0,0,0,,Aggressive Frame*,Chambered Compensator*,Fluted Barrel,Appended Mag*,Extended Mag,Ambitious Assassin*,Firmly Planted*,Gambit Leather*,Tier 5 Weapon*,,,,,,0,0,0,0,0
